file,line,type,commit,author,date,time,timezone,datetime,depth,length
style.css,1,css,d4659aa0,j-r-dial,2026-04-17,13:46:08,-07:00,2026-04-17T13:46:08-07:00,0,4
style.css,2,css,d4659aa0,j-r-dial,2026-04-17,13:46:08,-07:00,2026-04-17T13:46:08-07:00,1,23
style.css,3,css,d4659aa0,j-r-dial,2026-04-17,13:46:08,-07:00,2026-04-17T13:46:08-07:00,0,6
style.css,4,css,4c46ab76,j-r-dial,2026-04-10,16:25:50,-07:00,2026-04-10T16:25:50-07:00,1,31
style.css,5,css,dc3d3d1e,j-r-dial,2026-04-10,17:02:48,-07:00,2026-04-10T17:02:48-07:00,0,0
style.css,6,css,dc3d3d1e,j-r-dial,2026-04-10,17:02:48,-07:00,2026-04-10T17:02:48-07:00,0,0
style.css,7,css,dc3d3d1e,j-r-dial,2026-04-10,17:02:48,-07:00,2026-04-10T17:02:48-07:00,0,4
style.css,8,css,d44b18a0,j-r-dial,2026-04-02,16:34:04,-07:00,2026-04-02T16:34:04-07:00,2,43
style.css,9,css,d44b18a0,j-r-dial,2026-04-02,16:34:04,-07:00,2026-04-02T16:34:04-07:00,4,42
style.css,10,css,d44b18a0,j-r-dial,2026-04-02,16:34:04,-07:00,2026-04-02T16:34:04-07:00,3,0
style.css,11,css,d44b18a0,j-r-dial,2026-04-02,16:34:04,-07:00,2026-04-02T16:34:04-07:00,2,23
style.css,12,css,55367dd9,j-r-dial,2026-04-10,17:05:41,-07:00,2026-04-10T17:05:41-07:00,2,15
style.css,13,css,55367dd9,j-r-dial,2026-04-10,17:05:41,-07:00,2026-04-10T17:05:41-07:00,2,42
style.css,14,css,dcc4949d,j-r-dial,2026-04-10,15:31:32,-07:00,2026-04-10T15:31:32-07:00,2,12
style.css,15,css,4c46ab76,j-r-dial,2026-04-10,16:25:50,-07:00,2026-04-10T16:25:50-07:00,2,32
style.css,16,css,f70d5abf,j-r-dial,2026-04-10,15:46:52,-07:00,2026-04-10T15:46:52-07:00,1,0
style.css,17,css,f70d5abf,j-r-dial,2026-04-10,15:46:52,-07:00,2026-04-10T15:46:52-07:00,0,0
style.css,18,css,f70d5abf,j-r-dial,2026-04-10,15:46:52,-07:00,2026-04-10T15:46:52-07:00,0,5
style.css,19,css,f70d5abf,j-r-dial,2026-04-10,15:46:52,-07:00,2026-04-10T15:46:52-07:00,0,6
style.css,20,css,f70d5abf,j-r-dial,2026-04-10,15:46:52,-07:00,2026-04-10T15:46:52-07:00,2,16
style.css,21,css,8043c2e0,j-r-dial,2026-04-10,15:59:35,-07:00,2026-04-10T15:59:35-07:00,0,0
style.css,22,css,8043c2e0,j-r-dial,2026-04-10,15:59:35,-07:00,2026-04-10T15:59:35-07:00,0,0
style.css,23,css,8043c2e0,j-r-dial,2026-04-10,15:59:35,-07:00,2026-04-10T15:59:35-07:00,0,3
style.css,24,css,d4659aa0,j-r-dial,2026-04-17,13:46:08,-07:00,2026-04-17T13:46:08-07:00,1,39
style.css,25,css,8043c2e0,j-r-dial,2026-04-10,15:59:35,-07:00,2026-04-10T15:59:35-07:00,1,12
style.css,26,css,8043c2e0,j-r-dial,2026-04-10,15:59:35,-07:00,2026-04-10T15:59:35-07:00,1,18
style.css,27,css,d4659aa0,j-r-dial,2026-04-17,13:46:08,-07:00,2026-04-17T13:46:08-07:00,1,43
style.css,28,css,8043c2e0,j-r-dial,2026-04-10,15:59:35,-07:00,2026-04-10T15:59:35-07:00,0,0
style.css,29,css,8043c2e0,j-r-dial,2026-04-10,15:59:35,-07:00,2026-04-10T15:59:35-07:00,0,0
style.css,30,css,8043c2e0,j-r-dial,2026-04-10,15:59:35,-07:00,2026-04-10T15:59:35-07:00,0,5
style.css,31,css,8043c2e0,j-r-dial,2026-04-10,15:59:35,-07:00,2026-04-10T15:59:35-07:00,1,6
style.css,32,css,8043c2e0,j-r-dial,2026-04-10,15:59:35,-07:00,2026-04-10T15:59:35-07:00,1,17
style.css,33,css,8043c2e0,j-r-dial,2026-04-10,15:59:35,-07:00,2026-04-10T15:59:35-07:00,1,13
style.css,34,css,8043c2e0,j-r-dial,2026-04-10,15:59:35,-07:00,2026-04-10T15:59:35-07:00,1,20
style.css,35,css,8043c2e0,j-r-dial,2026-04-10,15:59:35,-07:00,2026-04-10T15:59:35-07:00,1,13
style.css,36,css,8043c2e0,j-r-dial,2026-04-10,15:59:35,-07:00,2026-04-10T15:59:35-07:00,0,0
style.css,37,css,8043c2e0,j-r-dial,2026-04-10,15:59:35,-07:00,2026-04-10T15:59:35-07:00,0,0
style.css,38,css,8043c2e0,j-r-dial,2026-04-10,15:59:35,-07:00,2026-04-10T15:59:35-07:00,0,13
style.css,39,css,4c46ab76,j-r-dial,2026-04-10,16:25:50,-07:00,2026-04-10T16:25:50-07:00,1,45
style.css,40,css,8043c2e0,j-r-dial,2026-04-10,15:59:35,-07:00,2026-04-10T15:59:35-07:00,1,20
style.css,41,css,4c46ab76,j-r-dial,2026-04-10,16:25:50,-07:00,2026-04-10T16:25:50-07:00,0,0
style.css,42,css,4c46ab76,j-r-dial,2026-04-10,16:25:50,-07:00,2026-04-10T16:25:50-07:00,0,25
style.css,43,css,4c46ab76,j-r-dial,2026-04-10,16:25:50,-07:00,2026-04-10T16:25:50-07:00,1,43
style.css,44,css,d4659aa0,j-r-dial,2026-04-17,13:46:08,-07:00,2026-04-17T13:46:08-07:00,1,69
style.css,45,css,4c46ab76,j-r-dial,2026-04-10,16:25:50,-07:00,2026-04-10T16:25:50-07:00,0,0
style.css,46,css,4c46ab76,j-r-dial,2026-04-10,16:25:50,-07:00,2026-04-10T16:25:50-07:00,0,0
style.css,47,css,3ae3772d,j-r-dial,2026-04-10,16:39:47,-07:00,2026-04-10T16:39:47-07:00,0,4
style.css,48,css,3ae3772d,j-r-dial,2026-04-10,16:39:47,-07:00,2026-04-10T16:39:47-07:00,1,12
style.css,49,css,3ae3772d,j-r-dial,2026-04-10,16:39:47,-07:00,2026-04-10T16:39:47-07:00,1,30
style.css,50,css,3ae3772d,j-r-dial,2026-04-10,16:39:47,-07:00,2026-04-10T16:39:47-07:00,1,7
style.css,51,css,1902588d,j-r-dial,2026-04-10,16:31:41,-07:00,2026-04-10T16:31:41-07:00,0,0
style.css,52,css,1902588d,j-r-dial,2026-04-10,16:31:41,-07:00,2026-04-10T16:31:41-07:00,0,0
style.css,53,css,485f6093,j-r-dial,2026-04-10,16:47:29,-07:00,2026-04-10T16:47:29-07:00,0,5
style.css,54,css,485f6093,j-r-dial,2026-04-10,16:47:29,-07:00,2026-04-10T16:47:29-07:00,1,16
style.css,55,css,485f6093,j-r-dial,2026-04-10,16:47:29,-07:00,2026-04-10T16:47:29-07:00,0,0
style.css,56,css,485f6093,j-r-dial,2026-04-10,16:47:29,-07:00,2026-04-10T16:47:29-07:00,0,0
style.css,57,css,3ae3772d,j-r-dial,2026-04-10,16:39:47,-07:00,2026-04-10T16:39:47-07:00,0,4
style.css,58,css,3ae3772d,j-r-dial,2026-04-10,16:39:47,-07:00,2026-04-10T16:39:47-07:00,0,6
style.css,59,css,3ae3772d,j-r-dial,2026-04-10,16:39:47,-07:00,2026-04-10T16:39:47-07:00,1,18
style.css,60,css,1902588d,j-r-dial,2026-04-10,16:31:41,-07:00,2026-04-10T16:31:41-07:00,0,0
style.css,61,css,9809076b,j-r-dial,2026-04-10,16:42:53,-07:00,2026-04-10T16:42:53-07:00,0,0
style.css,62,css,9809076b,j-r-dial,2026-04-10,16:42:53,-07:00,2026-04-10T16:42:53-07:00,0,4
style.css,63,css,9809076b,j-r-dial,2026-04-10,16:42:53,-07:00,2026-04-10T16:42:53-07:00,0,7
style.css,64,css,9809076b,j-r-dial,2026-04-10,16:42:53,-07:00,2026-04-10T16:42:53-07:00,0,6
style.css,65,css,9809076b,j-r-dial,2026-04-10,16:42:53,-07:00,2026-04-10T16:42:53-07:00,1,12
style.css,66,css,9809076b,j-r-dial,2026-04-10,16:42:53,-07:00,2026-04-10T16:42:53-07:00,1,10
style.css,67,css,15317d7e,j-r-dial,2026-04-10,16:49:18,-07:00,2026-04-10T16:49:18-07:00,1,21
style.css,68,css,15317d7e,j-r-dial,2026-04-10,16:49:18,-07:00,2026-04-10T16:49:18-07:00,0,0
style.css,69,css,485f6093,j-r-dial,2026-04-10,16:47:29,-07:00,2026-04-10T16:47:29-07:00,0,0
style.css,70,css,485f6093,j-r-dial,2026-04-10,16:47:29,-07:00,2026-04-10T16:47:29-07:00,0,0
style.css,71,css,f04e68f1,j-r-dial,2026-04-10,16:54:57,-07:00,2026-04-10T16:54:57-07:00,0,8
style.css,72,css,f04e68f1,j-r-dial,2026-04-10,16:54:57,-07:00,2026-04-10T16:54:57-07:00,1,12
style.css,73,css,f04e68f1,j-r-dial,2026-04-10,16:54:57,-07:00,2026-04-10T16:54:57-07:00,1,58
style.css,74,css,dc3d3d1e,j-r-dial,2026-04-10,17:02:48,-07:00,2026-04-10T17:02:48-07:00,1,19
style.css,75,css,f04e68f1,j-r-dial,2026-04-10,16:54:57,-07:00,2026-04-10T16:54:57-07:00,1,7
style.css,76,css,1aed3de0,j-r-dial,2026-04-10,16:58:08,-07:00,2026-04-10T16:58:08-07:00,0,0
style.css,77,css,1aed3de0,j-r-dial,2026-04-10,16:58:08,-07:00,2026-04-10T16:58:08-07:00,0,0
style.css,78,css,1aed3de0,j-r-dial,2026-04-10,16:58:08,-07:00,2026-04-10T16:58:08-07:00,0,17
style.css,79,css,1aed3de0,j-r-dial,2026-04-10,16:58:08,-07:00,2026-04-10T16:58:08-07:00,1,12
style.css,80,css,1aed3de0,j-r-dial,2026-04-10,16:58:08,-07:00,2026-04-10T16:58:08-07:00,1,26
style.css,81,css,1aed3de0,j-r-dial,2026-04-10,16:58:08,-07:00,2026-04-10T16:58:08-07:00,1,15
style.css,82,css,1aed3de0,j-r-dial,2026-04-10,16:58:08,-07:00,2026-04-10T16:58:08-07:00,1,7
style.css,83,css,1aed3de0,j-r-dial,2026-04-10,16:58:08,-07:00,2026-04-10T16:58:08-07:00,0,0
style.css,84,css,1aed3de0,j-r-dial,2026-04-10,16:58:08,-07:00,2026-04-10T16:58:08-07:00,0,0
style.css,85,css,1aed3de0,j-r-dial,2026-04-10,16:58:08,-07:00,2026-04-10T16:58:08-07:00,0,12
style.css,86,css,1aed3de0,j-r-dial,2026-04-10,16:58:08,-07:00,2026-04-10T16:58:08-07:00,1,8
style.css,87,css,d35902ea,j-r-dial,2026-04-10,16:58:39,-07:00,2026-04-10T16:58:39-07:00,0,0
style.css,88,css,d35902ea,j-r-dial,2026-04-10,16:58:39,-07:00,2026-04-10T16:58:39-07:00,0,0
style.css,89,css,d35902ea,j-r-dial,2026-04-10,16:58:39,-07:00,2026-04-10T16:58:39-07:00,0,2
style.css,90,css,d35902ea,j-r-dial,2026-04-10,16:58:39,-07:00,2026-04-10T16:58:39-07:00,1,14
style.css,91,css,d35902ea,j-r-dial,2026-04-10,16:58:39,-07:00,2026-04-10T16:58:39-07:00,0,0
style.css,92,css,d35902ea,j-r-dial,2026-04-10,16:58:39,-07:00,2026-04-10T16:58:39-07:00,0,0
style.css,93,css,d35902ea,j-r-dial,2026-04-10,16:58:39,-07:00,2026-04-10T16:58:39-07:00,0,22
style.css,94,css,d35902ea,j-r-dial,2026-04-10,16:58:39,-07:00,2026-04-10T16:58:39-07:00,1,15
style.css,95,css,d35902ea,j-r-dial,2026-04-10,16:58:39,-07:00,2026-04-10T16:58:39-07:00,1,17
style.css,96,css,69aa0800,j-r-dial,2026-04-10,17:10:59,-07:00,2026-04-10T17:10:59-07:00,0,0
style.css,97,css,69aa0800,j-r-dial,2026-04-10,17:10:59,-07:00,2026-04-10T17:10:59-07:00,0,0
style.css,98,css,54f23b16,j-r-dial,2026-04-10,17:19:49,-07:00,2026-04-10T17:19:49-07:00,0,19
style.css,99,css,69aa0800,j-r-dial,2026-04-10,17:10:59,-07:00,2026-04-10T17:10:59-07:00,1,18
style.css,100,css,69aa0800,j-r-dial,2026-04-10,17:10:59,-07:00,2026-04-10T17:10:59-07:00,1,41
style.css,101,css,d4659aa0,j-r-dial,2026-04-17,13:46:08,-07:00,2026-04-17T13:46:08-07:00,0,0
style.css,102,css,d4659aa0,j-r-dial,2026-04-17,13:46:08,-07:00,2026-04-17T13:46:08-07:00,0,0
style.css,103,css,d4659aa0,j-r-dial,2026-04-17,13:46:08,-07:00,2026-04-17T13:46:08-07:00,0,13
style.css,104,css,d4659aa0,j-r-dial,2026-04-17,13:46:08,-07:00,2026-04-17T13:46:08-07:00,1,20
style.css,105,css,d4659aa0,j-r-dial,2026-04-17,13:46:08,-07:00,2026-04-17T13:46:08-07:00,1,17
style.css,106,css,d4659aa0,j-r-dial,2026-04-17,13:46:08,-07:00,2026-04-17T13:46:08-07:00,1,8
style.css,107,css,d4659aa0,j-r-dial,2026-04-17,13:46:08,-07:00,2026-04-17T13:46:08-07:00,1,10
style.css,108,css,d4659aa0,j-r-dial,2026-04-17,13:46:08,-07:00,2026-04-17T13:46:08-07:00,1,13
style.css,109,css,c4718dc8,j-r-dial,2026-04-24,16:41:34,-07:00,2026-04-24T16:41:34-07:00,0,0
style.css,110,css,c4718dc8,j-r-dial,2026-04-24,16:41:34,-07:00,2026-04-24T16:41:34-07:00,0,0
style.css,111,css,c4718dc8,j-r-dial,2026-04-24,16:41:34,-07:00,2026-04-24T16:41:34-07:00,0,2
style.css,112,css,c4718dc8,j-r-dial,2026-04-24,16:41:34,-07:00,2026-04-24T16:41:34-07:00,1,12
style.css,113,css,c4718dc8,j-r-dial,2026-04-24,16:41:34,-07:00,2026-04-24T16:41:34-07:00,1,36
style.css,114,css,c4718dc8,j-r-dial,2026-04-24,16:41:34,-07:00,2026-04-24T16:41:34-07:00,0,0
style.css,115,css,c4718dc8,j-r-dial,2026-04-24,16:41:34,-07:00,2026-04-24T16:41:34-07:00,0,0
style.css,116,css,c4718dc8,j-r-dial,2026-04-24,16:41:34,-07:00,2026-04-24T16:41:34-07:00,0,2
style.css,117,css,c4718dc8,j-r-dial,2026-04-24,16:41:34,-07:00,2026-04-24T16:41:34-07:00,1,10
style.css,118,css,c4718dc8,j-r-dial,2026-04-24,16:41:34,-07:00,2026-04-24T16:41:34-07:00,0,0
style.css,119,css,c4718dc8,j-r-dial,2026-04-24,16:41:34,-07:00,2026-04-24T16:41:34-07:00,0,0
style.css,120,css,c4718dc8,j-r-dial,2026-04-24,16:41:34,-07:00,2026-04-24T16:41:34-07:00,0,2
style.css,121,css,c4718dc8,j-r-dial,2026-04-24,16:41:34,-07:00,2026-04-24T16:41:34-07:00,1,10
style.css,122,css,c4718dc8,j-r-dial,2026-04-24,16:41:34,-07:00,2026-04-24T16:41:34-07:00,0,0
style.css,123,css,c4718dc8,j-r-dial,2026-04-24,16:41:34,-07:00,2026-04-24T16:41:34-07:00,0,0
style.css,124,css,c4718dc8,j-r-dial,2026-04-24,16:41:34,-07:00,2026-04-24T16:41:34-07:00,0,13
style.css,125,css,c4718dc8,j-r-dial,2026-04-24,16:41:34,-07:00,2026-04-24T16:41:34-07:00,1,10
style.css,126,css,c4718dc8,j-r-dial,2026-04-24,16:41:34,-07:00,2026-04-24T16:41:34-07:00,1,15
style.css,127,css,c4718dc8,j-r-dial,2026-04-24,16:41:34,-07:00,2026-04-24T16:41:34-07:00,1,11
style.css,128,css,c4718dc8,j-r-dial,2026-04-24,16:41:34,-07:00,2026-04-24T16:41:34-07:00,1,16
style.css,129,css,8aa01dd3,j-r-dial,2026-04-29,20:36:01,-07:00,2026-04-29T20:36:01-07:00,0,0
style.css,130,css,8aa01dd3,j-r-dial,2026-04-29,20:36:01,-07:00,2026-04-29T20:36:01-07:00,0,0
style.css,131,css,58380f86,j-r-dial,2026-05-01,18:53:27,-07:00,2026-05-01T18:53:27-07:00,0,14
style.css,132,css,58380f86,j-r-dial,2026-05-01,18:53:27,-07:00,2026-05-01T18:53:27-07:00,1,14
style.css,133,css,58380f86,j-r-dial,2026-05-01,18:53:27,-07:00,2026-05-01T18:53:27-07:00,1,16
style.css,134,css,58380f86,j-r-dial,2026-05-01,18:53:27,-07:00,2026-05-01T18:53:27-07:00,0,0
style.css,135,css,58380f86,j-r-dial,2026-05-01,18:53:27,-07:00,2026-05-01T18:53:27-07:00,1,16
style.css,136,css,58380f86,j-r-dial,2026-05-01,18:53:27,-07:00,2026-05-01T18:53:27-07:00,0,0
style.css,137,css,58380f86,j-r-dial,2026-05-01,18:53:27,-07:00,2026-05-01T18:53:27-07:00,0,0
style.css,138,css,58380f86,j-r-dial,2026-05-01,18:53:27,-07:00,2026-05-01T18:53:27-07:00,0,7
style.css,139,css,58380f86,j-r-dial,2026-05-01,18:53:27,-07:00,2026-05-01T18:53:27-07:00,1,12
style.css,140,css,58380f86,j-r-dial,2026-05-01,18:53:27,-07:00,2026-05-01T18:53:27-07:00,1,57
style.css,141,css,58380f86,j-r-dial,2026-05-01,18:53:27,-07:00,2026-05-01T18:53:27-07:00,1,10
style.css,142,css,58380f86,j-r-dial,2026-05-01,18:53:27,-07:00,2026-05-01T18:53:27-07:00,0,0
style.css,143,css,58380f86,j-r-dial,2026-05-01,18:53:27,-07:00,2026-05-01T18:53:27-07:00,1,11
style.css,144,css,58380f86,j-r-dial,2026-05-01,18:53:27,-07:00,2026-05-01T18:53:27-07:00,1,12
style.css,145,css,58380f86,j-r-dial,2026-05-01,18:53:27,-07:00,2026-05-01T18:53:27-07:00,0,0
style.css,146,css,58380f86,j-r-dial,2026-05-01,18:53:27,-07:00,2026-05-01T18:53:27-07:00,1,21
style.css,147,css,58380f86,j-r-dial,2026-05-01,18:53:27,-07:00,2026-05-01T18:53:27-07:00,1,17
style.css,148,css,58380f86,j-r-dial,2026-05-01,18:53:27,-07:00,2026-05-01T18:53:27-07:00,1,15
style.css,149,css,58380f86,j-r-dial,2026-05-01,18:53:27,-07:00,2026-05-01T18:53:27-07:00,0,0
style.css,150,css,58380f86,j-r-dial,2026-05-01,18:53:27,-07:00,2026-05-01T18:53:27-07:00,0,0
style.css,151,css,58380f86,j-r-dial,2026-05-01,18:53:27,-07:00,2026-05-01T18:53:27-07:00,0,12
style.css,152,css,58380f86,j-r-dial,2026-05-01,18:53:27,-07:00,2026-05-01T18:53:27-07:00,1,12
style.css,153,css,58380f86,j-r-dial,2026-05-01,18:53:27,-07:00,2026-05-01T18:53:27-07:00,1,18
style.css,154,css,58380f86,j-r-dial,2026-05-01,18:53:27,-07:00,2026-05-01T18:53:27-07:00,1,9
style.css,155,css,58380f86,j-r-dial,2026-05-01,18:53:27,-07:00,2026-05-01T18:53:27-07:00,0,0
style.css,156,css,58380f86,j-r-dial,2026-05-01,18:53:27,-07:00,2026-05-01T18:53:27-07:00,0,0
style.css,157,css,58380f86,j-r-dial,2026-05-01,18:53:27,-07:00,2026-05-01T18:53:27-07:00,0,7
style.css,158,css,58380f86,j-r-dial,2026-05-01,18:53:27,-07:00,2026-05-01T18:53:27-07:00,1,9
style.css,159,css,58380f86,j-r-dial,2026-05-01,18:53:27,-07:00,2026-05-01T18:53:27-07:00,1,18
style.css,160,css,58380f86,j-r-dial,2026-05-01,18:53:27,-07:00,2026-05-01T18:53:27-07:00,0,0
style.css,161,css,58380f86,j-r-dial,2026-05-01,18:53:27,-07:00,2026-05-01T18:53:27-07:00,1,23
style.css,162,css,58380f86,j-r-dial,2026-05-01,18:53:27,-07:00,2026-05-01T18:53:27-07:00,1,17
style.css,163,css,58380f86,j-r-dial,2026-05-01,18:53:27,-07:00,2026-05-01T18:53:27-07:00,1,20
style.css,164,css,58380f86,j-r-dial,2026-05-01,18:53:27,-07:00,2026-05-01T18:53:27-07:00,0,0
style.css,165,css,58380f86,j-r-dial,2026-05-01,18:53:27,-07:00,2026-05-01T18:53:27-07:00,0,0
style.css,166,css,58380f86,j-r-dial,2026-05-01,18:53:27,-07:00,2026-05-01T18:53:27-07:00,0,10
style.css,167,css,58380f86,j-r-dial,2026-05-01,18:53:27,-07:00,2026-05-01T18:53:27-07:00,1,12
style.css,168,css,58380f86,j-r-dial,2026-05-01,18:53:27,-07:00,2026-05-01T18:53:27-07:00,1,18
style.css,169,css,58380f86,j-r-dial,2026-05-01,18:53:27,-07:00,2026-05-01T18:53:27-07:00,1,8
style.css,170,css,58380f86,j-r-dial,2026-05-01,18:53:27,-07:00,2026-05-01T18:53:27-07:00,0,0
style.css,171,css,58380f86,j-r-dial,2026-05-01,18:53:27,-07:00,2026-05-01T18:53:27-07:00,0,0
style.css,172,css,58380f86,j-r-dial,2026-05-01,18:53:27,-07:00,2026-05-01T18:53:27-07:00,0,7
style.css,173,css,58380f86,j-r-dial,2026-05-01,18:53:27,-07:00,2026-05-01T18:53:27-07:00,1,6
style.css,174,css,58380f86,j-r-dial,2026-05-01,18:53:27,-07:00,2026-05-01T18:53:27-07:00,0,0
style.css,175,css,58380f86,j-r-dial,2026-05-01,18:53:27,-07:00,2026-05-01T18:53:27-07:00,0,0
style.css,176,css,58380f86,j-r-dial,2026-05-01,18:53:27,-07:00,2026-05-01T18:53:27-07:00,0,47
style.css,177,css,58380f86,j-r-dial,2026-05-01,18:53:27,-07:00,2026-05-01T18:53:27-07:00,1,11
style.css,178,css,58380f86,j-r-dial,2026-05-01,18:53:27,-07:00,2026-05-01T18:53:27-07:00,0,0
style.css,179,css,58380f86,j-r-dial,2026-05-01,18:53:27,-07:00,2026-05-01T18:53:27-07:00,0,0
style.css,180,css,58380f86,j-r-dial,2026-05-01,18:53:27,-07:00,2026-05-01T18:53:27-07:00,0,4
style.css,181,css,58380f86,j-r-dial,2026-05-01,18:53:27,-07:00,2026-05-01T18:53:27-07:00,1,16
style.css,182,css,58380f86,j-r-dial,2026-05-01,18:53:27,-07:00,2026-05-01T18:53:27-07:00,1,14
style.css,183,css,58380f86,j-r-dial,2026-05-01,18:53:27,-07:00,2026-05-01T18:53:27-07:00,0,0
style.css,184,css,58380f86,j-r-dial,2026-05-01,18:53:27,-07:00,2026-05-01T18:53:27-07:00,0,0
style.css,185,css,58380f86,j-r-dial,2026-05-01,18:53:27,-07:00,2026-05-01T18:53:27-07:00,0,9
style.css,186,css,58380f86,j-r-dial,2026-05-01,18:53:27,-07:00,2026-05-01T18:53:27-07:00,1,36
style.css,187,css,58380f86,j-r-dial,2026-05-01,18:53:27,-07:00,2026-05-01T18:53:27-07:00,0,0
style.css,188,css,58380f86,j-r-dial,2026-05-01,18:53:27,-07:00,2026-05-01T18:53:27-07:00,0,18
style.css,189,css,58380f86,j-r-dial,2026-05-01,18:53:27,-07:00,2026-05-01T18:53:27-07:00,2,17
style.css,190,css,58380f86,j-r-dial,2026-05-01,18:53:27,-07:00,2026-05-01T18:53:27-07:00,1,0
index.js,1,js,ef70fc22,j-r-dial,2026-04-24,16:41:23,-07:00,2026-04-24T16:41:23-07:00,0,30
index.js,2,js,ef70fc22,j-r-dial,2026-04-24,16:41:23,-07:00,2026-04-24T16:41:23-07:00,0,0
index.js,3,js,ef70fc22,j-r-dial,2026-04-24,16:41:23,-07:00,2026-04-24T16:41:23-07:00,0,71
index.js,4,js,ef70fc22,j-r-dial,2026-04-24,16:41:23,-07:00,2026-04-24T16:41:23-07:00,0,0
index.js,5,js,ef70fc22,j-r-dial,2026-04-24,16:41:23,-07:00,2026-04-24T16:41:23-07:00,0,54
index.js,6,js,ef70fc22,j-r-dial,2026-04-24,16:41:23,-07:00,2026-04-24T16:41:23-07:00,0,42
index.js,7,js,ef70fc22,j-r-dial,2026-04-24,16:41:23,-07:00,2026-04-24T16:41:23-07:00,0,0
index.js,8,js,ef70fc22,j-r-dial,2026-04-24,16:41:23,-07:00,2026-04-24T16:41:23-07:00,0,60
index.js,9,js,ef70fc22,j-r-dial,2026-04-24,16:41:23,-07:00,2026-04-24T16:41:23-07:00,0,0
index.js,10,js,ef70fc22,j-r-dial,2026-04-24,16:41:23,-07:00,2026-04-24T16:41:23-07:00,0,54
index.js,11,js,ef70fc22,j-r-dial,2026-04-24,16:41:23,-07:00,2026-04-24T16:41:23-07:00,0,0
index.js,12,js,ef70fc22,j-r-dial,2026-04-24,16:41:23,-07:00,2026-04-24T16:41:23-07:00,0,51
index.js,13,js,ef70fc22,j-r-dial,2026-04-24,16:41:23,-07:00,2026-04-24T16:41:23-07:00,0,0
index.js,14,js,ef70fc22,j-r-dial,2026-04-24,16:41:23,-07:00,2026-04-24T16:41:23-07:00,0,60
index.js,15,js,ef70fc22,j-r-dial,2026-04-24,16:41:23,-07:00,2026-04-24T16:41:23-07:00,0,0
index.js,16,js,ef70fc22,j-r-dial,2026-04-24,16:41:23,-07:00,2026-04-24T16:41:23-07:00,0,17
index.js,17,js,ef70fc22,j-r-dial,2026-04-24,16:41:23,-07:00,2026-04-24T16:41:23-07:00,2,24
index.js,18,js,ef70fc22,j-r-dial,2026-04-24,16:41:23,-07:00,2026-04-24T16:41:23-07:00,5,2
index.js,19,js,ef70fc22,j-r-dial,2026-04-24,16:41:23,-07:00,2026-04-24T16:41:23-07:00,6,55
index.js,20,js,ef70fc22,j-r-dial,2026-04-24,16:41:23,-07:00,2026-04-24T16:41:23-07:00,6,55
index.js,21,js,ef70fc22,j-r-dial,2026-04-24,16:41:23,-07:00,2026-04-24T16:41:23-07:00,6,49
index.js,22,js,ef70fc22,j-r-dial,2026-04-24,16:41:23,-07:00,2026-04-24T16:41:23-07:00,6,49
index.js,23,js,ef70fc22,j-r-dial,2026-04-24,16:41:23,-07:00,2026-04-24T16:41:23-07:00,5,3
index.js,24,js,ef70fc22,j-r-dial,2026-04-24,16:41:23,-07:00,2026-04-24T16:41:23-07:00,3,0
index.js,25,js,ef70fc22,j-r-dial,2026-04-24,16:41:23,-07:00,2026-04-24T16:41:23-07:00,1,0
index.html,1,html,e81bb577,j-r-dial,2026-04-02,15:52:14,-07:00,2026-04-02T15:52:14-07:00,0,13
index.html,2,html,e81bb577,j-r-dial,2026-04-02,15:52:14,-07:00,2026-04-02T15:52:14-07:00,0,14
index.html,3,html,e81bb577,j-r-dial,2026-04-02,15:52:14,-07:00,2026-04-02T15:52:14-07:00,0,4
index.html,4,html,e81bb577,j-r-dial,2026-04-02,15:52:14,-07:00,2026-04-02T15:52:14-07:00,2,20
index.html,5,html,e81bb577,j-r-dial,2026-04-02,15:52:14,-07:00,2026-04-02T15:52:14-07:00,2,68
index.html,6,html,385f7a4e,j-r-dial,2026-04-03,16:34:53,-07:00,2026-04-03T16:34:53-07:00,2,52
index.html,7,html,385f7a4e,j-r-dial,2026-04-03,16:34:53,-07:00,2026-04-03T16:34:53-07:00,2,38
index.html,8,html,5ee6f958,j-r-dial,2026-04-24,17:18:16,-07:00,2026-04-24T17:18:16-07:00,2,45
index.html,9,html,81af1073,j-r-dial,2026-04-24,16:41:19,-07:00,2026-04-24T16:41:19-07:00,2,50
index.html,10,html,385f7a4e,j-r-dial,2026-04-03,16:34:53,-07:00,2026-04-03T16:34:53-07:00,2,0
index.html,11,html,385f7a4e,j-r-dial,2026-04-03,16:34:53,-07:00,2026-04-03T16:34:53-07:00,0,5
index.html,12,html,385f7a4e,j-r-dial,2026-04-03,16:34:53,-07:00,2026-04-03T16:34:53-07:00,0,4
index.html,13,html,f759dfca,j-r-dial,2026-04-15,20:36:06,-07:00,2026-04-15T20:36:06-07:00,0,0
index.html,14,html,7bdb44eb,j-r-dial,2026-04-03,16:52:21,-07:00,2026-04-03T16:52:21-07:00,2,17
index.html,15,html,7bdb44eb,j-r-dial,2026-04-03,16:52:21,-07:00,2026-04-03T16:52:21-07:00,2,95
index.html,16,html,7bdb44eb,j-r-dial,2026-04-03,16:52:21,-07:00,2026-04-03T16:52:21-07:00,2,53
index.html,17,html,7bdb44eb,j-r-dial,2026-04-03,16:52:21,-07:00,2026-04-03T16:52:21-07:00,2,73
index.html,18,html,7bdb44eb,j-r-dial,2026-04-03,16:52:21,-07:00,2026-04-03T16:52:21-07:00,0,0
index.html,19,html,81af1073,j-r-dial,2026-04-24,16:41:19,-07:00,2026-04-24T16:41:19-07:00,2,22
index.html,20,html,81af1073,j-r-dial,2026-04-24,16:41:19,-07:00,2026-04-24T16:41:19-07:00,2,26
index.html,21,html,81af1073,j-r-dial,2026-04-24,16:41:19,-07:00,2026-04-24T16:41:19-07:00,0,0
index.html,22,html,81af1073,j-r-dial,2026-04-24,16:41:19,-07:00,2026-04-24T16:41:19-07:00,2,19
index.html,23,html,81af1073,j-r-dial,2026-04-24,16:41:19,-07:00,2026-04-24T16:41:19-07:00,2,28
index.html,24,html,5c4795a5,j-r-dial,2026-04-03,16:51:05,-07:00,2026-04-03T16:51:05-07:00,0,0
index.html,25,html,e81bb577,j-r-dial,2026-04-02,15:52:14,-07:00,2026-04-02T15:52:14-07:00,0,5
index.html,26,html,11ef5c39,j-r-dial,2026-04-15,20:22:55,-07:00,2026-04-15T20:22:55-07:00,0,5
index.html,27,html,11ef5c39,j-r-dial,2026-04-15,20:22:55,-07:00,2026-04-15T20:22:55-07:00,0,0
global.js,1,js,344f22b0,j-r-dial,2026-04-17,13:45:58,-07:00,2026-04-17T13:45:58-07:00,0,25
global.js,2,js,344f22b0,j-r-dial,2026-04-17,13:45:58,-07:00,2026-04-17T13:45:58-07:00,0,0
global.js,3,js,344f22b0,j-r-dial,2026-04-17,13:45:58,-07:00,2026-04-17T13:45:58-07:00,0,41
global.js,4,js,344f22b0,j-r-dial,2026-04-17,13:45:58,-07:00,2026-04-17T13:45:58-07:00,1,52
global.js,5,js,344f22b0,j-r-dial,2026-04-17,13:45:58,-07:00,2026-04-17T13:45:58-07:00,0,0
global.js,6,js,344f22b0,j-r-dial,2026-04-17,13:45:58,-07:00,2026-04-17T13:45:58-07:00,0,0
global.js,7,js,344f22b0,j-r-dial,2026-04-17,13:45:58,-07:00,2026-04-17T13:45:58-07:00,0,30
global.js,8,js,344f22b0,j-r-dial,2026-04-17,13:45:58,-07:00,2026-04-17T13:45:58-07:00,0,0
global.js,9,js,344f22b0,j-r-dial,2026-04-17,13:45:58,-07:00,2026-04-17T13:45:58-07:00,0,33
global.js,10,js,344f22b0,j-r-dial,2026-04-17,13:45:58,-07:00,2026-04-17T13:45:58-07:00,0,73
global.js,11,js,344f22b0,j-r-dial,2026-04-17,13:45:58,-07:00,2026-04-17T13:45:58-07:00,0,3
global.js,12,js,344f22b0,j-r-dial,2026-04-17,13:45:58,-07:00,2026-04-17T13:45:58-07:00,0,0
global.js,13,js,344f22b0,j-r-dial,2026-04-17,13:45:58,-07:00,2026-04-17T13:45:58-07:00,0,39
global.js,14,js,344f22b0,j-r-dial,2026-04-17,13:45:58,-07:00,2026-04-17T13:45:58-07:00,0,0
global.js,15,js,344f22b0,j-r-dial,2026-04-17,13:45:58,-07:00,2026-04-17T13:45:58-07:00,0,15
global.js,16,js,344f22b0,j-r-dial,2026-04-17,13:45:58,-07:00,2026-04-17T13:45:58-07:00,1,70
global.js,17,js,344f22b0,j-r-dial,2026-04-17,13:45:58,-07:00,2026-04-17T13:45:58-07:00,2,3
global.js,18,js,344f22b0,j-r-dial,2026-04-17,13:45:58,-07:00,2026-04-17T13:45:58-07:00,2,26
global.js,19,js,344f22b0,j-r-dial,2026-04-17,13:45:58,-07:00,2026-04-17T13:45:58-07:00,0,0
global.js,20,js,344f22b0,j-r-dial,2026-04-17,13:45:58,-07:00,2026-04-17T13:45:58-07:00,0,11
global.js,21,js,344f22b0,j-r-dial,2026-04-17,13:45:58,-07:00,2026-04-17T13:45:58-07:00,2,25
global.js,22,js,344f22b0,j-r-dial,2026-04-17,13:45:58,-07:00,2026-04-17T13:45:58-07:00,2,38
global.js,23,js,344f22b0,j-r-dial,2026-04-17,13:45:58,-07:00,2026-04-17T13:45:58-07:00,2,36
global.js,24,js,344f22b0,j-r-dial,2026-04-17,13:45:58,-07:00,2026-04-17T13:45:58-07:00,2,34
global.js,25,js,00000000,Not Committed Yet,2026-05-07,21:24:45,-07:00,2026-05-07T21:24:45-07:00,2,28
global.js,26,js,344f22b0,j-r-dial,2026-04-17,13:45:58,-07:00,2026-04-17T13:45:58-07:00,2,52
global.js,27,js,344f22b0,j-r-dial,2026-04-17,13:45:58,-07:00,2026-04-17T13:45:58-07:00,0,0
global.js,28,js,344f22b0,j-r-dial,2026-04-17,13:45:58,-07:00,2026-04-17T13:45:58-07:00,0,0
global.js,29,js,344f22b0,j-r-dial,2026-04-17,13:45:58,-07:00,2026-04-17T13:45:58-07:00,1,0
global.js,30,js,344f22b0,j-r-dial,2026-04-17,13:45:58,-07:00,2026-04-17T13:45:58-07:00,0,38
global.js,31,js,344f22b0,j-r-dial,2026-04-17,13:45:58,-07:00,2026-04-17T13:45:58-07:00,0,25
global.js,32,js,344f22b0,j-r-dial,2026-04-17,13:45:58,-07:00,2026-04-17T13:45:58-07:00,0,0
global.js,33,js,344f22b0,j-r-dial,2026-04-17,13:45:58,-07:00,2026-04-17T13:45:58-07:00,0,0
global.js,34,js,344f22b0,j-r-dial,2026-04-17,13:45:58,-07:00,2026-04-17T13:45:58-07:00,0,20
global.js,35,js,344f22b0,j-r-dial,2026-04-17,13:45:58,-07:00,2026-04-17T13:45:58-07:00,2,14
global.js,36,js,344f22b0,j-r-dial,2026-04-17,13:45:58,-07:00,2026-04-17T13:45:58-07:00,1,0
global.js,37,js,574a23df,j-r-dial,2026-04-17,14:10:37,-07:00,2026-04-17T14:10:37-07:00,2,52
global.js,38,js,344f22b0,j-r-dial,2026-04-17,13:45:58,-07:00,2026-04-17T13:45:58-07:00,1,0
global.js,39,js,344f22b0,j-r-dial,2026-04-17,13:45:58,-07:00,2026-04-17T13:45:58-07:00,2,18
global.js,40,js,344f22b0,j-r-dial,2026-04-17,13:45:58,-07:00,2026-04-17T13:45:58-07:00,1,0
global.js,41,js,344f22b0,j-r-dial,2026-04-17,13:45:58,-07:00,2026-04-17T13:45:58-07:00,2,34
global.js,42,js,344f22b0,j-r-dial,2026-04-17,13:45:58,-07:00,2026-04-17T13:45:58-07:00,2,11
global.js,43,js,344f22b0,j-r-dial,2026-04-17,13:45:58,-07:00,2026-04-17T13:45:58-07:00,2,20
global.js,44,js,344f22b0,j-r-dial,2026-04-17,13:45:58,-07:00,2026-04-17T13:45:58-07:00,2,12
global.js,45,js,344f22b0,j-r-dial,2026-04-17,13:45:58,-07:00,2026-04-17T13:45:58-07:00,0,0
global.js,46,js,f94a463b,j-r-dial,2026-04-17,14:32:21,-07:00,2026-04-17T14:32:21-07:00,2,50
global.js,47,js,f94a463b,j-r-dial,2026-04-17,14:32:21,-07:00,2026-04-17T14:32:21-07:00,0,0
global.js,48,js,344f22b0,j-r-dial,2026-04-17,13:45:58,-07:00,2026-04-17T13:45:58-07:00,2,17
global.js,49,js,f94a463b,j-r-dial,2026-04-17,14:32:21,-07:00,2026-04-17T14:32:21-07:00,3,8
global.js,50,js,f94a463b,j-r-dial,2026-04-17,14:32:21,-07:00,2026-04-17T14:32:21-07:00,3,25
global.js,51,js,f94a463b,j-r-dial,2026-04-17,14:32:21,-07:00,2026-04-17T14:32:21-07:00,3,52
global.js,52,js,f94a463b,j-r-dial,2026-04-17,14:32:21,-07:00,2026-04-17T14:32:21-07:00,2,0
global.js,53,js,344f22b0,j-r-dial,2026-04-17,13:45:58,-07:00,2026-04-17T13:45:58-07:00,0,0
global.js,54,js,344f22b0,j-r-dial,2026-04-17,13:45:58,-07:00,2026-04-17T13:45:58-07:00,2,29
global.js,55,js,344f22b0,j-r-dial,2026-04-17,13:45:58,-07:00,2026-04-17T13:45:58-07:00,6,18
global.js,56,js,344f22b0,j-r-dial,2026-04-17,13:45:58,-07:00,2026-04-17T13:45:58-07:00,2,0
global.js,57,js,344f22b0,j-r-dial,2026-04-17,13:45:58,-07:00,2026-04-17T13:45:58-07:00,0,0
global.js,58,js,344f22b0,j-r-dial,2026-04-17,13:45:58,-07:00,2026-04-17T13:45:58-07:00,0,0
global.js,59,js,344f22b0,j-r-dial,2026-04-17,13:45:58,-07:00,2026-04-17T13:45:58-07:00,0,64
global.js,60,js,344f22b0,j-r-dial,2026-04-17,13:45:58,-07:00,2026-04-17T13:45:58-07:00,0,59
global.js,61,js,344f22b0,j-r-dial,2026-04-17,13:45:58,-07:00,2026-04-17T13:45:58-07:00,0,0
global.js,62,js,344f22b0,j-r-dial,2026-04-17,13:45:58,-07:00,2026-04-17T13:45:58-07:00,0,31
global.js,63,js,344f22b0,j-r-dial,2026-04-17,13:45:58,-07:00,2026-04-17T13:45:58-07:00,2,11
global.js,64,js,344f22b0,j-r-dial,2026-04-17,13:45:58,-07:00,2026-04-17T13:45:58-07:00,2,0
global.js,65,js,344f22b0,j-r-dial,2026-04-17,13:45:58,-07:00,2026-04-17T13:45:58-07:00,2,26
global.js,66,js,344f22b0,j-r-dial,2026-04-17,13:45:58,-07:00,2026-04-17T13:45:58-07:00,3,4
global.js,67,js,344f22b0,j-r-dial,2026-04-17,13:45:58,-07:00,2026-04-17T13:45:58-07:00,3,6
global.js,68,js,f94a463b,j-r-dial,2026-04-17,14:32:21,-07:00,2026-04-17T14:32:21-07:00,4,43
global.js,69,js,344f22b0,j-r-dial,2026-04-17,13:45:58,-07:00,2026-04-17T13:45:58-07:00,4,34
global.js,70,js,344f22b0,j-r-dial,2026-04-17,13:45:58,-07:00,2026-04-17T13:45:58-07:00,4,32
global.js,71,js,344f22b0,j-r-dial,2026-04-17,13:45:58,-07:00,2026-04-17T13:45:58-07:00,3,7
global.js,72,js,344f22b0,j-r-dial,2026-04-17,13:45:58,-07:00,2026-04-17T13:45:58-07:00,2,6
global.js,73,js,344f22b0,j-r-dial,2026-04-17,13:45:58,-07:00,2026-04-17T13:45:58-07:00,2,0
global.js,74,js,344f22b0,j-r-dial,2026-04-17,13:45:58,-07:00,2026-04-17T13:45:58-07:00,1,0
global.js,75,js,344f22b0,j-r-dial,2026-04-17,13:45:58,-07:00,2026-04-17T13:45:58-07:00,0,0
global.js,76,js,344f22b0,j-r-dial,2026-04-17,13:45:58,-07:00,2026-04-17T13:45:58-07:00,0,60
global.js,77,js,344f22b0,j-r-dial,2026-04-17,13:45:58,-07:00,2026-04-17T13:45:58-07:00,0,0
global.js,78,js,344f22b0,j-r-dial,2026-04-17,13:45:58,-07:00,2026-04-17T13:45:58-07:00,0,33
global.js,79,js,344f22b0,j-r-dial,2026-04-17,13:45:58,-07:00,2026-04-17T13:45:58-07:00,2,37
global.js,80,js,344f22b0,j-r-dial,2026-04-17,13:45:58,-07:00,2026-04-17T13:45:58-07:00,2,64
global.js,81,js,344f22b0,j-r-dial,2026-04-17,13:45:58,-07:00,2026-04-17T13:45:58-07:00,2,19
global.js,82,js,344f22b0,j-r-dial,2026-04-17,13:45:58,-07:00,2026-04-17T13:45:58-07:00,0,0
global.js,83,js,344f22b0,j-r-dial,2026-04-17,13:45:58,-07:00,2026-04-17T13:45:58-07:00,0,0
global.js,84,js,344f22b0,j-r-dial,2026-04-17,13:45:58,-07:00,2026-04-17T13:45:58-07:00,0,49
global.js,85,js,344f22b0,j-r-dial,2026-04-17,13:45:58,-07:00,2026-04-17T13:45:58-07:00,2,57
global.js,86,js,344f22b0,j-r-dial,2026-04-17,13:45:58,-07:00,2026-04-17T13:45:58-07:00,0,0
global.js,87,js,344f22b0,j-r-dial,2026-04-17,13:45:58,-07:00,2026-04-17T13:45:58-07:00,2,31
global.js,88,js,344f22b0,j-r-dial,2026-04-17,13:45:58,-07:00,2026-04-17T13:45:58-07:00,0,0
global.js,89,js,344f22b0,j-r-dial,2026-04-17,13:45:58,-07:00,2026-04-17T13:45:58-07:00,2,77
global.js,90,js,344f22b0,j-r-dial,2026-04-17,13:45:58,-07:00,2026-04-17T13:45:58-07:00,2,43
global.js,91,js,344f22b0,j-r-dial,2026-04-17,13:45:58,-07:00,2026-04-17T13:45:58-07:00,0,0
global.js,92,js,344f22b0,j-r-dial,2026-04-17,13:45:58,-07:00,2026-04-17T13:45:58-07:00,1,1
global.js,93,js,344f22b0,j-r-dial,2026-04-17,13:45:58,-07:00,2026-04-17T13:45:58-07:00,0,0
global.js,94,js,344f22b0,j-r-dial,2026-04-17,13:45:58,-07:00,2026-04-17T13:45:58-07:00,1,42
global.js,95,js,344f22b0,j-r-dial,2026-04-17,13:45:58,-07:00,2026-04-17T13:45:58-07:00,0,0
global.js,96,js,344f22b0,j-r-dial,2026-04-17,13:45:58,-07:00,2026-04-17T13:45:58-07:00,1,49
global.js,97,js,344f22b0,j-r-dial,2026-04-17,13:45:58,-07:00,2026-04-17T13:45:58-07:00,2,21
global.js,98,js,344f22b0,j-r-dial,2026-04-17,13:45:58,-07:00,2026-04-17T13:45:58-07:00,1,0
global.js,99,js,344f22b0,j-r-dial,2026-04-17,13:45:58,-07:00,2026-04-17T13:45:58-07:00,2,30
global.js,100,js,344f22b0,j-r-dial,2026-04-17,13:45:58,-07:00,2026-04-17T13:45:58-07:00,1,0
global.js,101,js,344f22b0,j-r-dial,2026-04-17,13:45:58,-07:00,2026-04-17T13:45:58-07:00,2,26
global.js,102,js,344f22b0,j-r-dial,2026-04-17,13:45:58,-07:00,2026-04-17T13:45:58-07:00,1,0
global.js,103,js,344f22b0,j-r-dial,2026-04-17,13:45:58,-07:00,2026-04-17T13:45:58-07:00,2,14
global.js,104,js,344f22b0,j-r-dial,2026-04-17,13:45:58,-07:00,2026-04-17T13:45:58-07:00,1,0
global.js,105,js,344f22b0,j-r-dial,2026-04-17,13:45:58,-07:00,2026-04-17T13:45:58-07:00,2,31
global.js,106,js,344f22b0,j-r-dial,2026-04-17,13:45:58,-07:00,2026-04-17T13:45:58-07:00,3,45
global.js,107,js,344f22b0,j-r-dial,2026-04-17,13:45:58,-07:00,2026-04-17T13:45:58-07:00,3,37
global.js,108,js,344f22b0,j-r-dial,2026-04-17,13:45:58,-07:00,2026-04-17T13:45:58-07:00,2,0
global.js,109,js,344f22b0,j-r-dial,2026-04-17,13:45:58,-07:00,2026-04-17T13:45:58-07:00,1,0
global.js,110,js,344f22b0,j-r-dial,2026-04-17,13:45:58,-07:00,2026-04-17T13:45:58-07:00,2,22
global.js,111,js,344f22b0,j-r-dial,2026-04-17,13:45:58,-07:00,2026-04-17T13:45:58-07:00,1,0
global.js,112,js,344f22b0,j-r-dial,2026-04-17,13:45:58,-07:00,2026-04-17T13:45:58-07:00,2,15
global.js,113,js,344f22b0,j-r-dial,2026-04-17,13:45:58,-07:00,2026-04-17T13:45:58-07:00,1,0
global.js,114,js,9153c45a,j-r-dial,2026-04-17,13:51:46,-07:00,2026-04-17T13:51:46-07:00,2,18
global.js,115,js,344f22b0,j-r-dial,2026-04-17,13:45:58,-07:00,2026-04-17T13:45:58-07:00,1,1
global.js,116,js,cb10ccb9,j-r-dial,2026-04-24,16:41:15,-07:00,2026-04-24T16:41:15-07:00,0,0
global.js,117,js,cb10ccb9,j-r-dial,2026-04-24,16:41:15,-07:00,2026-04-24T16:41:15-07:00,1,36
global.js,118,js,cb10ccb9,j-r-dial,2026-04-24,16:41:15,-07:00,2026-04-24T16:41:15-07:00,2,3
global.js,119,js,cb10ccb9,j-r-dial,2026-04-24,16:41:15,-07:00,2026-04-24T16:41:15-07:00,3,39
global.js,120,js,cb10ccb9,j-r-dial,2026-04-24,16:41:15,-07:00,2026-04-24T16:41:15-07:00,3,32
global.js,121,js,cb10ccb9,j-r-dial,2026-04-24,16:41:15,-07:00,2026-04-24T16:41:15-07:00,3,19
global.js,122,js,cb10ccb9,j-r-dial,2026-04-24,16:41:15,-07:00,2026-04-24T16:41:15-07:00,3,17
global.js,123,js,cb10ccb9,j-r-dial,2026-04-24,16:41:15,-07:00,2026-04-24T16:41:15-07:00,4,66
global.js,124,js,cb10ccb9,j-r-dial,2026-04-24,16:41:15,-07:00,2026-04-24T16:41:15-07:00,3,0
global.js,125,js,cb10ccb9,j-r-dial,2026-04-24,16:41:15,-07:00,2026-04-24T16:41:15-07:00,3,33
global.js,126,js,cb10ccb9,j-r-dial,2026-04-24,16:41:15,-07:00,2026-04-24T16:41:15-07:00,3,10
global.js,127,js,cb10ccb9,j-r-dial,2026-04-24,16:41:15,-07:00,2026-04-24T16:41:15-07:00,2,15
global.js,128,js,cb10ccb9,j-r-dial,2026-04-24,16:41:15,-07:00,2026-04-24T16:41:15-07:00,3,59
global.js,129,js,cb10ccb9,j-r-dial,2026-04-24,16:41:15,-07:00,2026-04-24T16:41:15-07:00,2,0
global.js,130,js,cb10ccb9,j-r-dial,2026-04-24,16:41:15,-07:00,2026-04-24T16:41:15-07:00,1,0
global.js,131,js,cb10ccb9,j-r-dial,2026-04-24,16:41:15,-07:00,2026-04-24T16:41:15-07:00,0,0
global.js,132,js,cb10ccb9,j-r-dial,2026-04-24,16:41:15,-07:00,2026-04-24T16:41:15-07:00,1,78
global.js,133,js,cb10ccb9,j-r-dial,2026-04-24,16:41:15,-07:00,2026-04-24T16:41:15-07:00,2,30
global.js,134,js,cb10ccb9,j-r-dial,2026-04-24,16:41:15,-07:00,2026-04-24T16:41:15-07:00,0,0
global.js,135,js,cb10ccb9,j-r-dial,2026-04-24,16:41:15,-07:00,2026-04-24T16:41:15-07:00,2,38
global.js,136,js,cb10ccb9,j-r-dial,2026-04-24,16:41:15,-07:00,2026-04-24T16:41:15-07:00,3,24
global.js,137,js,cb10ccb9,j-r-dial,2026-04-24,16:41:15,-07:00,2026-04-24T16:41:15-07:00,3,48
global.js,138,js,58ea9a9e,j-r-dial,2026-04-24,17:30:49,-07:00,2026-04-24T17:30:49-07:00,3,54
global.js,139,js,e195ff61,j-r-dial,2026-04-24,17:24:55,-07:00,2026-04-24T17:24:55-07:00,3,25
global.js,140,js,e195ff61,j-r-dial,2026-04-24,17:24:55,-07:00,2026-04-24T17:24:55-07:00,4,13
global.js,141,js,e195ff61,j-r-dial,2026-04-24,17:24:55,-07:00,2026-04-24T17:24:55-07:00,4,26
global.js,142,js,e195ff61,j-r-dial,2026-04-24,17:24:55,-07:00,2026-04-24T17:24:55-07:00,3,0
global.js,143,js,91b622d3,j-r-dial,2026-05-01,18:53:15,-07:00,2026-05-01T18:53:15-07:00,4,19
global.js,144,js,91b622d3,j-r-dial,2026-05-01,18:53:15,-07:00,2026-05-01T18:53:15-07:00,4,49
global.js,145,js,91b622d3,j-r-dial,2026-05-01,18:53:15,-07:00,2026-05-01T18:53:15-07:00,4,0
global.js,146,js,91b622d3,j-r-dial,2026-05-01,18:53:15,-07:00,2026-05-01T18:53:15-07:00,4,44
global.js,147,js,91b622d3,j-r-dial,2026-05-01,18:53:15,-07:00,2026-05-01T18:53:15-07:00,4,0
global.js,148,js,91b622d3,j-r-dial,2026-05-01,18:53:15,-07:00,2026-05-01T18:53:15-07:00,4,24
global.js,149,js,91b622d3,j-r-dial,2026-05-01,18:53:15,-07:00,2026-05-01T18:53:15-07:00,5,27
global.js,150,js,91b622d3,j-r-dial,2026-05-01,18:53:15,-07:00,2026-05-01T18:53:15-07:00,5,41
global.js,151,js,91b622d3,j-r-dial,2026-05-01,18:53:15,-07:00,2026-05-01T18:53:15-07:00,4,4
global.js,152,js,91b622d3,j-r-dial,2026-05-01,18:53:15,-07:00,2026-05-01T18:53:15-07:00,3,0
global.js,153,js,91b622d3,j-r-dial,2026-05-01,18:53:15,-07:00,2026-05-01T18:53:15-07:00,1,0
global.js,154,js,cb10ccb9,j-r-dial,2026-04-24,16:41:15,-07:00,2026-04-24T16:41:15-07:00,3,36
global.js,155,js,58ea9a9e,j-r-dial,2026-04-24,17:30:49,-07:00,2026-04-24T17:30:49-07:00,3,35
global.js,156,js,cb10ccb9,j-r-dial,2026-04-24,16:41:15,-07:00,2026-04-24T16:41:15-07:00,2,0
global.js,157,js,cb10ccb9,j-r-dial,2026-04-24,16:41:15,-07:00,2026-04-24T16:41:15-07:00,1,0
global.js,158,js,cb10ccb9,j-r-dial,2026-04-24,16:41:15,-07:00,2026-04-24T16:41:15-07:00,0,0
global.js,159,js,cb10ccb9,j-r-dial,2026-04-24,16:41:15,-07:00,2026-04-24T16:41:15-07:00,1,47
global.js,160,js,cb10ccb9,j-r-dial,2026-04-24,16:41:15,-07:00,2026-04-24T16:41:15-07:00,2,0
global.js,161,js,cb10ccb9,j-r-dial,2026-04-24,16:41:15,-07:00,2026-04-24T16:41:15-07:00,2,59
global.js,162,js,cb10ccb9,j-r-dial,2026-04-24,16:41:15,-07:00,2026-04-24T16:41:15-07:00,1,0
global.js,163,js,cb10ccb9,j-r-dial,2026-04-24,16:41:15,-07:00,2026-04-24T16:41:15-07:00,0,0
global.js,164,js,cb10ccb9,j-r-dial,2026-04-24,16:41:15,-07:00,2026-04-24T16:41:15-07:00,1,0
projects/projects.js,1,js,54f7dc01,j-r-dial,2026-04-24,16:41:31,-07:00,2026-04-24T16:41:31-07:00,0,55
projects/projects.js,2,js,21bac8d5,j-r-dial,2026-05-01,18:53:26,-07:00,2026-05-01T18:53:26-07:00,0,63
projects/projects.js,3,js,54f7dc01,j-r-dial,2026-04-24,16:41:31,-07:00,2026-04-24T16:41:31-07:00,0,0
projects/projects.js,4,js,54f7dc01,j-r-dial,2026-04-24,16:41:31,-07:00,2026-04-24T16:41:31-07:00,0,55
projects/projects.js,5,js,54f7dc01,j-r-dial,2026-04-24,16:41:31,-07:00,2026-04-24T16:41:31-07:00,0,0
projects/projects.js,6,js,54f7dc01,j-r-dial,2026-04-24,16:41:31,-07:00,2026-04-24T16:41:31-07:00,0,60
projects/projects.js,7,js,54f7dc01,j-r-dial,2026-04-24,16:41:31,-07:00,2026-04-24T16:41:31-07:00,0,0
projects/projects.js,8,js,54f7dc01,j-r-dial,2026-04-24,16:41:31,-07:00,2026-04-24T16:41:31-07:00,0,48
projects/projects.js,9,js,54f7dc01,j-r-dial,2026-04-24,16:41:31,-07:00,2026-04-24T16:41:31-07:00,0,0
projects/projects.js,10,js,54f7dc01,j-r-dial,2026-04-24,16:41:31,-07:00,2026-04-24T16:41:31-07:00,0,54
projects/projects.js,11,js,21bac8d5,j-r-dial,2026-05-01,18:53:26,-07:00,2026-05-01T18:53:26-07:00,0,48
projects/projects.js,12,js,21bac8d5,j-r-dial,2026-05-01,18:53:26,-07:00,2026-05-01T18:53:26-07:00,0,0
projects/projects.js,13,js,21bac8d5,j-r-dial,2026-05-01,18:53:26,-07:00,2026-05-01T18:53:26-07:00,0,13
projects/projects.js,14,js,21bac8d5,j-r-dial,2026-05-01,18:53:26,-07:00,2026-05-01T18:53:26-07:00,0,0
projects/projects.js,15,js,21bac8d5,j-r-dial,2026-05-01,18:53:26,-07:00,2026-05-01T18:53:26-07:00,0,53
projects/projects.js,16,js,21bac8d5,j-r-dial,2026-05-01,18:53:26,-07:00,2026-05-01T18:53:26-07:00,0,0
projects/projects.js,17,js,4fb635af,j-r-dial,2026-05-01,19:04:44,-07:00,2026-05-01T19:04:44-07:00,0,30
projects/projects.js,18,js,4fb635af,j-r-dial,2026-05-01,19:04:44,-07:00,2026-05-01T19:04:44-07:00,2,31
projects/projects.js,19,js,21bac8d5,j-r-dial,2026-05-01,18:53:26,-07:00,2026-05-01T18:53:26-07:00,3,59
projects/projects.js,20,js,4fb635af,j-r-dial,2026-05-01,19:04:44,-07:00,2026-05-01T19:04:44-07:00,3,42
projects/projects.js,21,js,21bac8d5,j-r-dial,2026-05-01,18:53:26,-07:00,2026-05-01T18:53:26-07:00,2,1
projects/projects.js,22,js,21bac8d5,j-r-dial,2026-05-01,18:53:26,-07:00,2026-05-01T18:53:26-07:00,1,0
projects/projects.js,23,js,21bac8d5,j-r-dial,2026-05-01,18:53:26,-07:00,2026-05-01T18:53:26-07:00,0,0
projects/projects.js,24,js,21bac8d5,j-r-dial,2026-05-01,18:53:26,-07:00,2026-05-01T18:53:26-07:00,1,21
projects/projects.js,25,js,21bac8d5,j-r-dial,2026-05-01,18:53:26,-07:00,2026-05-01T18:53:26-07:00,1,49
projects/projects.js,26,js,21bac8d5,j-r-dial,2026-05-01,18:53:26,-07:00,2026-05-01T18:53:26-07:00,0,0
projects/projects.js,27,js,21bac8d5,j-r-dial,2026-05-01,18:53:26,-07:00,2026-05-01T18:53:26-07:00,0,38
projects/projects.js,28,js,0821d3ad,j-r-dial,2026-05-01,23:11:32,-07:00,2026-05-01T23:11:32-07:00,1,0
projects/projects.js,29,js,21bac8d5,j-r-dial,2026-05-01,18:53:26,-07:00,2026-05-01T18:53:26-07:00,2,29
projects/projects.js,30,js,21bac8d5,j-r-dial,2026-05-01,18:53:26,-07:00,2026-05-01T18:53:26-07:00,3,12
projects/projects.js,31,js,21bac8d5,j-r-dial,2026-05-01,18:53:26,-07:00,2026-05-01T18:53:26-07:00,3,14
projects/projects.js,32,js,21bac8d5,j-r-dial,2026-05-01,18:53:26,-07:00,2026-05-01T18:53:26-07:00,3,12
projects/projects.js,33,js,21bac8d5,j-r-dial,2026-05-01,18:53:26,-07:00,2026-05-01T18:53:26-07:00,2,0
projects/projects.js,34,js,21bac8d5,j-r-dial,2026-05-01,18:53:26,-07:00,2026-05-01T18:53:26-07:00,0,0
projects/projects.js,35,js,21bac8d5,j-r-dial,2026-05-01,18:53:26,-07:00,2026-05-01T18:53:26-07:00,2,50
projects/projects.js,36,js,21bac8d5,j-r-dial,2026-05-01,18:53:26,-07:00,2026-05-01T18:53:26-07:00,3,34
projects/projects.js,37,js,21bac8d5,j-r-dial,2026-05-01,18:53:26,-07:00,2026-05-01T18:53:26-07:00,2,1
projects/projects.js,38,js,21bac8d5,j-r-dial,2026-05-01,18:53:26,-07:00,2026-05-01T18:53:26-07:00,0,0
projects/projects.js,39,js,21bac8d5,j-r-dial,2026-05-01,18:53:26,-07:00,2026-05-01T18:53:26-07:00,2,28
projects/projects.js,40,js,21bac8d5,j-r-dial,2026-05-01,18:53:26,-07:00,2026-05-01T18:53:26-07:00,4,13
projects/projects.js,41,js,21bac8d5,j-r-dial,2026-05-01,18:53:26,-07:00,2026-05-01T18:53:26-07:00,4,15
projects/projects.js,42,js,21bac8d5,j-r-dial,2026-05-01,18:53:26,-07:00,2026-05-01T18:53:26-07:00,0,0
projects/projects.js,43,js,21bac8d5,j-r-dial,2026-05-01,18:53:26,-07:00,2026-05-01T18:53:26-07:00,2,53
projects/projects.js,44,js,21bac8d5,j-r-dial,2026-05-01,18:53:26,-07:00,2026-05-01T18:53:26-07:00,2,42
projects/projects.js,45,js,21bac8d5,j-r-dial,2026-05-01,18:53:26,-07:00,2026-05-01T18:53:26-07:00,2,54
projects/projects.js,46,js,21bac8d5,j-r-dial,2026-05-01,18:53:26,-07:00,2026-05-01T18:53:26-07:00,0,0
projects/projects.js,47,js,21bac8d5,j-r-dial,2026-05-01,18:53:26,-07:00,2026-05-01T18:53:26-07:00,2,47
projects/projects.js,48,js,21bac8d5,j-r-dial,2026-05-01,18:53:26,-07:00,2026-05-01T18:53:26-07:00,0,0
projects/projects.js,49,js,21bac8d5,j-r-dial,2026-05-01,18:53:26,-07:00,2026-05-01T18:53:26-07:00,2,32
projects/projects.js,50,js,21bac8d5,j-r-dial,2026-05-01,18:53:26,-07:00,2026-05-01T18:53:26-07:00,2,55
projects/projects.js,51,js,21bac8d5,j-r-dial,2026-05-01,18:53:26,-07:00,2026-05-01T18:53:26-07:00,2,27
projects/projects.js,52,js,21bac8d5,j-r-dial,2026-05-01,18:53:26,-07:00,2026-05-01T18:53:26-07:00,4,4
projects/projects.js,53,js,21bac8d5,j-r-dial,2026-05-01,18:53:26,-07:00,2026-05-01T18:53:26-07:00,5,11
projects/projects.js,54,js,21bac8d5,j-r-dial,2026-05-01,18:53:26,-07:00,2026-05-01T18:53:26-07:00,5,38
projects/projects.js,55,js,21bac8d5,j-r-dial,2026-05-01,18:53:26,-07:00,2026-05-01T18:53:26-07:00,5,27
projects/projects.js,56,js,21bac8d5,j-r-dial,2026-05-01,18:53:26,-07:00,2026-05-01T18:53:26-07:00,5,69
projects/projects.js,57,js,21bac8d5,j-r-dial,2026-05-01,18:53:26,-07:00,2026-05-01T18:53:26-07:00,3,1
projects/projects.js,58,js,21bac8d5,j-r-dial,2026-05-01,18:53:26,-07:00,2026-05-01T18:53:26-07:00,0,0
projects/projects.js,59,js,21bac8d5,j-r-dial,2026-05-01,18:53:26,-07:00,2026-05-01T18:53:26-07:00,2,4
projects/projects.js,60,js,21bac8d5,j-r-dial,2026-05-01,18:53:26,-07:00,2026-05-01T18:53:26-07:00,3,14
projects/projects.js,61,js,21bac8d5,j-r-dial,2026-05-01,18:53:26,-07:00,2026-05-01T18:53:26-07:00,3,24
projects/projects.js,62,js,21bac8d5,j-r-dial,2026-05-01,18:53:26,-07:00,2026-05-01T18:53:26-07:00,4,60
projects/projects.js,63,js,21bac8d5,j-r-dial,2026-05-01,18:53:26,-07:00,2026-05-01T18:53:26-07:00,3,0
projects/projects.js,64,js,21bac8d5,j-r-dial,2026-05-01,18:53:26,-07:00,2026-05-01T18:53:26-07:00,2,0
projects/projects.js,65,js,21bac8d5,j-r-dial,2026-05-01,18:53:26,-07:00,2026-05-01T18:53:26-07:00,2,25
projects/projects.js,66,js,21bac8d5,j-r-dial,2026-05-01,18:53:26,-07:00,2026-05-01T18:53:26-07:00,2,29
projects/projects.js,67,js,21bac8d5,j-r-dial,2026-05-01,18:53:26,-07:00,2026-05-01T18:53:26-07:00,3,0
projects/projects.js,68,js,21bac8d5,j-r-dial,2026-05-01,18:53:26,-07:00,2026-05-01T18:53:26-07:00,2,27
projects/projects.js,69,js,21bac8d5,j-r-dial,2026-05-01,18:53:26,-07:00,2026-05-01T18:53:26-07:00,4,1
projects/projects.js,70,js,21bac8d5,j-r-dial,2026-05-01,18:53:26,-07:00,2026-05-01T18:53:26-07:00,5,13
projects/projects.js,71,js,21bac8d5,j-r-dial,2026-05-01,18:53:26,-07:00,2026-05-01T18:53:26-07:00,5,13
projects/projects.js,72,js,21bac8d5,j-r-dial,2026-05-01,18:53:26,-07:00,2026-05-01T18:53:26-07:00,5,22
projects/projects.js,73,js,21bac8d5,j-r-dial,2026-05-01,18:53:26,-07:00,2026-05-01T18:53:26-07:00,5,51
projects/projects.js,74,js,21bac8d5,j-r-dial,2026-05-01,18:53:26,-07:00,2026-05-01T18:53:26-07:00,5,18
projects/projects.js,75,js,21bac8d5,j-r-dial,2026-05-01,18:53:26,-07:00,2026-05-01T18:53:26-07:00,6,43
projects/projects.js,76,js,0821d3ad,j-r-dial,2026-05-01,23:11:32,-07:00,2026-05-01T23:11:32-07:00,6,51
projects/projects.js,77,js,0821d3ad,j-r-dial,2026-05-01,23:11:32,-07:00,2026-05-01T23:11:32-07:00,6,29
projects/projects.js,78,js,21bac8d5,j-r-dial,2026-05-01,18:53:26,-07:00,2026-05-01T18:53:26-07:00,5,1
projects/projects.js,79,js,21bac8d5,j-r-dial,2026-05-01,18:53:26,-07:00,2026-05-01T18:53:26-07:00,0,0
projects/projects.js,80,js,21bac8d5,j-r-dial,2026-05-01,18:53:26,-07:00,2026-05-01T18:53:26-07:00,3,1
projects/projects.js,81,js,21bac8d5,j-r-dial,2026-05-01,18:53:26,-07:00,2026-05-01T18:53:26-07:00,3,25
projects/projects.js,82,js,21bac8d5,j-r-dial,2026-05-01,18:53:26,-07:00,2026-05-01T18:53:26-07:00,4,53
projects/projects.js,83,js,21bac8d5,j-r-dial,2026-05-01,18:53:26,-07:00,2026-05-01T18:53:26-07:00,3,6
projects/projects.js,84,js,21bac8d5,j-r-dial,2026-05-01,18:53:26,-07:00,2026-05-01T18:53:26-07:00,4,38
projects/projects.js,85,js,21bac8d5,j-r-dial,2026-05-01,18:53:26,-07:00,2026-05-01T18:53:26-07:00,3,0
projects/projects.js,86,js,21bac8d5,j-r-dial,2026-05-01,18:53:26,-07:00,2026-05-01T18:53:26-07:00,4,34
projects/projects.js,87,js,21bac8d5,j-r-dial,2026-05-01,18:53:26,-07:00,2026-05-01T18:53:26-07:00,5,30
projects/projects.js,88,js,21bac8d5,j-r-dial,2026-05-01,18:53:26,-07:00,2026-05-01T18:53:26-07:00,4,0
projects/projects.js,89,js,21bac8d5,j-r-dial,2026-05-01,18:53:26,-07:00,2026-05-01T18:53:26-07:00,3,0
projects/projects.js,90,js,21bac8d5,j-r-dial,2026-05-01,18:53:26,-07:00,2026-05-01T18:53:26-07:00,4,48
projects/projects.js,91,js,21bac8d5,j-r-dial,2026-05-01,18:53:26,-07:00,2026-05-01T18:53:26-07:00,3,0
projects/projects.js,92,js,21bac8d5,j-r-dial,2026-05-01,18:53:26,-07:00,2026-05-01T18:53:26-07:00,1,0
projects/projects.js,93,js,21bac8d5,j-r-dial,2026-05-01,18:53:26,-07:00,2026-05-01T18:53:26-07:00,1,23
projects/projects.js,94,js,21bac8d5,j-r-dial,2026-05-01,18:53:26,-07:00,2026-05-01T18:53:26-07:00,0,0
projects/projects.js,95,js,21bac8d5,j-r-dial,2026-05-01,18:53:26,-07:00,2026-05-01T18:53:26-07:00,1,48
projects/projects.js,96,js,4fb635af,j-r-dial,2026-05-01,19:04:44,-07:00,2026-05-01T19:04:44-07:00,2,31
projects/projects.js,97,js,4fb635af,j-r-dial,2026-05-01,19:04:44,-07:00,2026-05-01T19:04:44-07:00,0,0
projects/projects.js,98,js,4fb635af,j-r-dial,2026-05-01,19:04:44,-07:00,2026-05-01T19:04:44-07:00,2,45
projects/projects.js,99,js,4fb635af,j-r-dial,2026-05-01,19:04:44,-07:00,2026-05-01T19:04:44-07:00,2,23
projects/projects.js,100,js,21bac8d5,j-r-dial,2026-05-01,18:53:26,-07:00,2026-05-01T18:53:26-07:00,2,52
projects/projects.js,101,js,4fb635af,j-r-dial,2026-05-01,19:04:44,-07:00,2026-05-01T19:04:44-07:00,2,34
projects/projects.js,102,js,21bac8d5,j-r-dial,2026-05-01,18:53:26,-07:00,2026-05-01T18:53:26-07:00,0,0
projects/projects.js,103,js,21bac8d5,j-r-dial,2026-05-01,18:53:26,-07:00,2026-05-01T18:53:26-07:00,1,1
projects/projects.js,104,js,21bac8d5,j-r-dial,2026-05-01,18:53:26,-07:00,2026-05-01T18:53:26-07:00,0,0
projects/index.html,1,html,26eb275f,j-r-dial,2026-04-02,16:55:34,-07:00,2026-04-02T16:55:34-07:00,0,13
projects/index.html,2,html,26eb275f,j-r-dial,2026-04-02,16:55:34,-07:00,2026-04-02T16:55:34-07:00,0,14
projects/index.html,3,html,26eb275f,j-r-dial,2026-04-02,16:55:34,-07:00,2026-04-02T16:55:34-07:00,0,4
projects/index.html,4,html,26eb275f,j-r-dial,2026-04-02,16:55:34,-07:00,2026-04-02T16:55:34-07:00,2,20
projects/index.html,5,html,26eb275f,j-r-dial,2026-04-02,16:55:34,-07:00,2026-04-02T16:55:34-07:00,2,68
projects/index.html,6,html,26eb275f,j-r-dial,2026-04-02,16:55:34,-07:00,2026-04-02T16:55:34-07:00,2,21
projects/index.html,7,html,7d4c6c26,j-r-dial,2026-04-17,13:46:04,-07:00,2026-04-17T13:46:04-07:00,2,41
projects/index.html,8,html,aa199cff,j-r-dial,2026-04-03,16:44:16,-07:00,2026-04-03T16:44:16-07:00,0,5
projects/index.html,9,html,aa199cff,j-r-dial,2026-04-03,16:44:16,-07:00,2026-04-03T16:44:16-07:00,0,4
projects/index.html,10,html,043016df,j-r-dial,2026-04-24,16:41:28,-07:00,2026-04-24T16:41:28-07:00,2,38
projects/index.html,11,html,635ca439,j-r-dial,2026-05-01,18:53:24,-07:00,2026-05-01T18:53:24-07:00,0,0
projects/index.html,12,html,635ca439,j-r-dial,2026-05-01,18:53:24,-07:00,2026-05-01T18:53:24-07:00,2,21
projects/index.html,13,html,635ca439,j-r-dial,2026-05-01,18:53:24,-07:00,2026-05-01T18:53:24-07:00,4,54
projects/index.html,14,html,635ca439,j-r-dial,2026-05-01,18:53:24,-07:00,2026-05-01T18:53:24-07:00,4,22
projects/index.html,15,html,635ca439,j-r-dial,2026-05-01,18:53:24,-07:00,2026-05-01T18:53:24-07:00,2,4
projects/index.html,16,html,635ca439,j-r-dial,2026-05-01,18:53:24,-07:00,2026-05-01T18:53:24-07:00,0,0
projects/index.html,17,html,635ca439,j-r-dial,2026-05-01,18:53:24,-07:00,2026-05-01T18:53:24-07:00,2,4
projects/index.html,18,html,635ca439,j-r-dial,2026-05-01,18:53:24,-07:00,2026-05-01T18:53:24-07:00,4,15
projects/index.html,19,html,635ca439,j-r-dial,2026-05-01,18:53:24,-07:00,2026-05-01T18:53:24-07:00,4,11
projects/index.html,20,html,635ca439,j-r-dial,2026-05-01,18:53:24,-07:00,2026-05-01T18:53:24-07:00,4,26
projects/index.html,21,html,635ca439,j-r-dial,2026-05-01,18:53:24,-07:00,2026-05-01T18:53:24-07:00,4,31
projects/index.html,22,html,635ca439,j-r-dial,2026-05-01,18:53:24,-07:00,2026-05-01T18:53:24-07:00,2,0
projects/index.html,23,html,1342577c,j-r-dial,2026-04-10,17:05:39,-07:00,2026-04-10T17:05:39-07:00,2,0
projects/index.html,24,html,8cd8b08a,j-r-dial,2026-04-10,16:51:33,-07:00,2026-04-10T16:51:33-07:00,2,20
projects/index.html,25,html,635ca439,j-r-dial,2026-05-01,18:53:24,-07:00,2026-05-01T18:53:24-07:00,0,0
projects/index.html,26,html,043016df,j-r-dial,2026-04-24,16:41:28,-07:00,2026-04-24T16:41:28-07:00,4,12
projects/index.html,27,html,8cd8b08a,j-r-dial,2026-04-10,16:51:33,-07:00,2026-04-10T16:51:33-07:00,6,29
projects/index.html,28,html,8cd8b08a,j-r-dial,2026-04-10,16:51:33,-07:00,2026-04-10T16:51:33-07:00,6,70
projects/index.html,29,html,8cd8b08a,j-r-dial,2026-04-10,16:51:33,-07:00,2026-04-10T16:51:33-07:00,6,233
projects/index.html,30,html,8cd8b08a,j-r-dial,2026-04-10,16:51:33,-07:00,2026-04-10T16:51:33-07:00,4,8
projects/index.html,31,html,8cd8b08a,j-r-dial,2026-04-10,16:51:33,-07:00,2026-04-10T16:51:33-07:00,4,7
projects/index.html,32,html,8cd8b08a,j-r-dial,2026-04-10,16:51:33,-07:00,2026-04-10T16:51:33-07:00,6,36
projects/index.html,33,html,8cd8b08a,j-r-dial,2026-04-10,16:51:33,-07:00,2026-04-10T16:51:33-07:00,6,70
projects/index.html,34,html,8cd8b08a,j-r-dial,2026-04-10,16:51:33,-07:00,2026-04-10T16:51:33-07:00,6,226
projects/index.html,35,html,8cd8b08a,j-r-dial,2026-04-10,16:51:33,-07:00,2026-04-10T16:51:33-07:00,4,8
projects/index.html,36,html,8cd8b08a,j-r-dial,2026-04-10,16:51:33,-07:00,2026-04-10T16:51:33-07:00,4,7
projects/index.html,37,html,8cd8b08a,j-r-dial,2026-04-10,16:51:33,-07:00,2026-04-10T16:51:33-07:00,6,47
projects/index.html,38,html,8cd8b08a,j-r-dial,2026-04-10,16:51:33,-07:00,2026-04-10T16:51:33-07:00,6,70
projects/index.html,39,html,8cd8b08a,j-r-dial,2026-04-10,16:51:33,-07:00,2026-04-10T16:51:33-07:00,6,253
projects/index.html,40,html,8cd8b08a,j-r-dial,2026-04-10,16:51:33,-07:00,2026-04-10T16:51:33-07:00,4,8
projects/index.html,41,html,8cd8b08a,j-r-dial,2026-04-10,16:51:33,-07:00,2026-04-10T16:51:33-07:00,4,7
projects/index.html,42,html,8cd8b08a,j-r-dial,2026-04-10,16:51:33,-07:00,2026-04-10T16:51:33-07:00,6,44
projects/index.html,43,html,8cd8b08a,j-r-dial,2026-04-10,16:51:33,-07:00,2026-04-10T16:51:33-07:00,6,70
projects/index.html,44,html,8cd8b08a,j-r-dial,2026-04-10,16:51:33,-07:00,2026-04-10T16:51:33-07:00,6,228
projects/index.html,45,html,8cd8b08a,j-r-dial,2026-04-10,16:51:33,-07:00,2026-04-10T16:51:33-07:00,4,8
projects/index.html,46,html,8cd8b08a,j-r-dial,2026-04-10,16:51:33,-07:00,2026-04-10T16:51:33-07:00,4,7
projects/index.html,47,html,8cd8b08a,j-r-dial,2026-04-10,16:51:33,-07:00,2026-04-10T16:51:33-07:00,6,32
projects/index.html,48,html,8cd8b08a,j-r-dial,2026-04-10,16:51:33,-07:00,2026-04-10T16:51:33-07:00,6,70
projects/index.html,49,html,8cd8b08a,j-r-dial,2026-04-10,16:51:33,-07:00,2026-04-10T16:51:33-07:00,6,251
projects/index.html,50,html,8cd8b08a,j-r-dial,2026-04-10,16:51:33,-07:00,2026-04-10T16:51:33-07:00,4,8
projects/index.html,51,html,8cd8b08a,j-r-dial,2026-04-10,16:51:33,-07:00,2026-04-10T16:51:33-07:00,4,7
projects/index.html,52,html,8cd8b08a,j-r-dial,2026-04-10,16:51:33,-07:00,2026-04-10T16:51:33-07:00,6,35
projects/index.html,53,html,8cd8b08a,j-r-dial,2026-04-10,16:51:33,-07:00,2026-04-10T16:51:33-07:00,6,70
projects/index.html,54,html,8cd8b08a,j-r-dial,2026-04-10,16:51:33,-07:00,2026-04-10T16:51:33-07:00,6,247
projects/index.html,55,html,8cd8b08a,j-r-dial,2026-04-10,16:51:33,-07:00,2026-04-10T16:51:33-07:00,4,8
projects/index.html,56,html,8cd8b08a,j-r-dial,2026-04-10,16:51:33,-07:00,2026-04-10T16:51:33-07:00,4,7
projects/index.html,57,html,8cd8b08a,j-r-dial,2026-04-10,16:51:33,-07:00,2026-04-10T16:51:33-07:00,6,34
projects/index.html,58,html,8cd8b08a,j-r-dial,2026-04-10,16:51:33,-07:00,2026-04-10T16:51:33-07:00,6,70
projects/index.html,59,html,8cd8b08a,j-r-dial,2026-04-10,16:51:33,-07:00,2026-04-10T16:51:33-07:00,6,244
projects/index.html,60,html,8cd8b08a,j-r-dial,2026-04-10,16:51:33,-07:00,2026-04-10T16:51:33-07:00,4,8
projects/index.html,61,html,8cd8b08a,j-r-dial,2026-04-10,16:51:33,-07:00,2026-04-10T16:51:33-07:00,4,7
projects/index.html,62,html,8cd8b08a,j-r-dial,2026-04-10,16:51:33,-07:00,2026-04-10T16:51:33-07:00,6,41
projects/index.html,63,html,8cd8b08a,j-r-dial,2026-04-10,16:51:33,-07:00,2026-04-10T16:51:33-07:00,6,70
projects/index.html,64,html,8cd8b08a,j-r-dial,2026-04-10,16:51:33,-07:00,2026-04-10T16:51:33-07:00,6,214
projects/index.html,65,html,8cd8b08a,j-r-dial,2026-04-10,16:51:33,-07:00,2026-04-10T16:51:33-07:00,4,8
projects/index.html,66,html,8cd8b08a,j-r-dial,2026-04-10,16:51:33,-07:00,2026-04-10T16:51:33-07:00,4,7
projects/index.html,67,html,8cd8b08a,j-r-dial,2026-04-10,16:51:33,-07:00,2026-04-10T16:51:33-07:00,6,43
projects/index.html,68,html,8cd8b08a,j-r-dial,2026-04-10,16:51:33,-07:00,2026-04-10T16:51:33-07:00,6,70
projects/index.html,69,html,8cd8b08a,j-r-dial,2026-04-10,16:51:33,-07:00,2026-04-10T16:51:33-07:00,6,238
projects/index.html,70,html,8cd8b08a,j-r-dial,2026-04-10,16:51:33,-07:00,2026-04-10T16:51:33-07:00,4,8
projects/index.html,71,html,8cd8b08a,j-r-dial,2026-04-10,16:51:33,-07:00,2026-04-10T16:51:33-07:00,4,7
projects/index.html,72,html,8cd8b08a,j-r-dial,2026-04-10,16:51:33,-07:00,2026-04-10T16:51:33-07:00,6,33
projects/index.html,73,html,8cd8b08a,j-r-dial,2026-04-10,16:51:33,-07:00,2026-04-10T16:51:33-07:00,6,70
projects/index.html,74,html,8cd8b08a,j-r-dial,2026-04-10,16:51:33,-07:00,2026-04-10T16:51:33-07:00,6,241
projects/index.html,75,html,8cd8b08a,j-r-dial,2026-04-10,16:51:33,-07:00,2026-04-10T16:51:33-07:00,4,8
projects/index.html,76,html,8cd8b08a,j-r-dial,2026-04-10,16:51:33,-07:00,2026-04-10T16:51:33-07:00,4,7
projects/index.html,77,html,8cd8b08a,j-r-dial,2026-04-10,16:51:33,-07:00,2026-04-10T16:51:33-07:00,6,39
projects/index.html,78,html,8cd8b08a,j-r-dial,2026-04-10,16:51:33,-07:00,2026-04-10T16:51:33-07:00,6,70
projects/index.html,79,html,8cd8b08a,j-r-dial,2026-04-10,16:51:33,-07:00,2026-04-10T16:51:33-07:00,6,216
projects/index.html,80,html,8cd8b08a,j-r-dial,2026-04-10,16:51:33,-07:00,2026-04-10T16:51:33-07:00,4,8
projects/index.html,81,html,8cd8b08a,j-r-dial,2026-04-10,16:51:33,-07:00,2026-04-10T16:51:33-07:00,4,7
projects/index.html,82,html,8cd8b08a,j-r-dial,2026-04-10,16:51:33,-07:00,2026-04-10T16:51:33-07:00,6,39
projects/index.html,83,html,8cd8b08a,j-r-dial,2026-04-10,16:51:33,-07:00,2026-04-10T16:51:33-07:00,6,70
projects/index.html,84,html,8cd8b08a,j-r-dial,2026-04-10,16:51:33,-07:00,2026-04-10T16:51:33-07:00,6,226
projects/index.html,85,html,043016df,j-r-dial,2026-04-24,16:41:28,-07:00,2026-04-24T16:41:28-07:00,4,12
projects/index.html,86,html,043016df,j-r-dial,2026-04-24,16:41:28,-07:00,2026-04-24T16:41:28-07:00,0,0
projects/index.html,87,html,8cd8b08a,j-r-dial,2026-04-10,16:51:33,-07:00,2026-04-10T16:51:33-07:00,2,4
projects/index.html,88,html,043016df,j-r-dial,2026-04-24,16:41:28,-07:00,2026-04-24T16:41:28-07:00,0,0
projects/index.html,89,html,043016df,j-r-dial,2026-04-24,16:41:28,-07:00,2026-04-24T16:41:28-07:00,2,48
projects/index.html,90,html,043016df,j-r-dial,2026-04-24,16:41:28,-07:00,2026-04-24T16:41:28-07:00,2,47
projects/index.html,91,html,8cd8b08a,j-r-dial,2026-04-10,16:51:33,-07:00,2026-04-10T16:51:33-07:00,2,0
projects/index.html,92,html,26eb275f,j-r-dial,2026-04-02,16:55:34,-07:00,2026-04-02T16:55:34-07:00,0,5
projects/index.html,93,html,26eb275f,j-r-dial,2026-04-02,16:55:34,-07:00,2026-04-02T16:55:34-07:00,0,5
contact/index.html,1,html,522158d1,j-r-dial,2026-04-02,16:55:45,-07:00,2026-04-02T16:55:45-07:00,0,13
contact/index.html,2,html,522158d1,j-r-dial,2026-04-02,16:55:45,-07:00,2026-04-02T16:55:45-07:00,0,14
contact/index.html,3,html,522158d1,j-r-dial,2026-04-02,16:55:45,-07:00,2026-04-02T16:55:45-07:00,0,4
contact/index.html,4,html,522158d1,j-r-dial,2026-04-02,16:55:45,-07:00,2026-04-02T16:55:45-07:00,2,20
contact/index.html,5,html,522158d1,j-r-dial,2026-04-02,16:55:45,-07:00,2026-04-02T16:55:45-07:00,2,68
contact/index.html,6,html,522158d1,j-r-dial,2026-04-02,16:55:45,-07:00,2026-04-02T16:55:45-07:00,2,20
contact/index.html,7,html,eec47561,j-r-dial,2026-04-17,13:45:56,-07:00,2026-04-17T13:45:56-07:00,2,41
contact/index.html,8,html,eec47561,j-r-dial,2026-04-17,13:45:56,-07:00,2026-04-17T13:45:56-07:00,2,48
contact/index.html,9,html,55e4df07,j-r-dial,2026-04-03,16:44:21,-07:00,2026-04-03T16:44:21-07:00,0,5
contact/index.html,10,html,55e4df07,j-r-dial,2026-04-03,16:44:21,-07:00,2026-04-03T16:44:21-07:00,0,0
contact/index.html,11,html,55e4df07,j-r-dial,2026-04-03,16:44:21,-07:00,2026-04-03T16:44:21-07:00,0,4
contact/index.html,12,html,522158d1,j-r-dial,2026-04-02,16:55:45,-07:00,2026-04-02T16:55:45-07:00,2,14
contact/index.html,13,html,eec47561,j-r-dial,2026-04-17,13:45:56,-07:00,2026-04-17T13:45:56-07:00,0,0
contact/index.html,14,html,eec47561,j-r-dial,2026-04-17,13:45:56,-07:00,2026-04-17T13:45:56-07:00,2,49
contact/index.html,15,html,522158d1,j-r-dial,2026-04-02,16:55:45,-07:00,2026-04-02T16:55:45-07:00,4,5
contact/index.html,16,html,eec47561,j-r-dial,2026-04-17,13:45:56,-07:00,2026-04-17T13:45:56-07:00,6,4
contact/index.html,17,html,522158d1,j-r-dial,2026-04-02,16:55:45,-07:00,2026-04-02T16:55:45-07:00,6,56
contact/index.html,18,html,522158d1,j-r-dial,2026-04-02,16:55:45,-07:00,2026-04-02T16:55:45-07:00,4,6
contact/index.html,19,html,522158d1,j-r-dial,2026-04-02,16:55:45,-07:00,2026-04-02T16:55:45-07:00,0,0
contact/index.html,20,html,522158d1,j-r-dial,2026-04-02,16:55:45,-07:00,2026-04-02T16:55:45-07:00,4,5
contact/index.html,21,html,522158d1,j-r-dial,2026-04-02,16:55:45,-07:00,2026-04-02T16:55:45-07:00,6,6
contact/index.html,22,html,99c7eb5b,j-r-dial,2026-04-10,16:43:03,-07:00,2026-04-10T16:43:03-07:00,6,34
contact/index.html,23,html,522158d1,j-r-dial,2026-04-02,16:55:45,-07:00,2026-04-02T16:55:45-07:00,4,6
contact/index.html,24,html,522158d1,j-r-dial,2026-04-02,16:55:45,-07:00,2026-04-02T16:55:45-07:00,0,0
contact/index.html,25,html,522158d1,j-r-dial,2026-04-02,16:55:45,-07:00,2026-04-02T16:55:45-07:00,4,5
contact/index.html,26,html,522158d1,j-r-dial,2026-04-02,16:55:45,-07:00,2026-04-02T16:55:45-07:00,6,6
contact/index.html,27,html,0f092afc,j-r-dial,2026-04-10,16:46:28,-07:00,2026-04-10T16:46:28-07:00,6,35
contact/index.html,28,html,522158d1,j-r-dial,2026-04-02,16:55:45,-07:00,2026-04-02T16:55:45-07:00,4,6
contact/index.html,29,html,522158d1,j-r-dial,2026-04-02,16:55:45,-07:00,2026-04-02T16:55:45-07:00,0,0
contact/index.html,30,html,522158d1,j-r-dial,2026-04-02,16:55:45,-07:00,2026-04-02T16:55:45-07:00,4,19
contact/index.html,31,html,522158d1,j-r-dial,2026-04-02,16:55:45,-07:00,2026-04-02T16:55:45-07:00,0,0
contact/index.html,32,html,791e8d85,j-r-dial,2026-04-02,16:59:20,-07:00,2026-04-02T16:59:20-07:00,2,5
contact/index.html,33,html,522158d1,j-r-dial,2026-04-02,16:55:45,-07:00,2026-04-02T16:55:45-07:00,2,0
contact/index.html,34,html,522158d1,j-r-dial,2026-04-02,16:55:45,-07:00,2026-04-02T16:55:45-07:00,0,5
contact/index.html,35,html,522158d1,j-r-dial,2026-04-02,16:55:45,-07:00,2026-04-02T16:55:45-07:00,0,5
Resume/index.html,1,html,77501156,j-r-dial,2026-04-02,17:22:24,-07:00,2026-04-02T17:22:24-07:00,0,13
Resume/index.html,2,html,77501156,j-r-dial,2026-04-02,17:22:24,-07:00,2026-04-02T17:22:24-07:00,0,14
Resume/index.html,3,html,77501156,j-r-dial,2026-04-02,17:22:24,-07:00,2026-04-02T17:22:24-07:00,0,4
Resume/index.html,4,html,77501156,j-r-dial,2026-04-02,17:22:24,-07:00,2026-04-02T17:22:24-07:00,2,20
Resume/index.html,5,html,77501156,j-r-dial,2026-04-02,17:22:24,-07:00,2026-04-02T17:22:24-07:00,2,68
Resume/index.html,6,html,77501156,j-r-dial,2026-04-02,17:22:24,-07:00,2026-04-02T17:22:24-07:00,2,19
Resume/index.html,7,html,4f9695eb,j-r-dial,2026-04-17,13:46:06,-07:00,2026-04-17T13:46:06-07:00,2,41
Resume/index.html,8,html,4f9695eb,j-r-dial,2026-04-17,13:46:06,-07:00,2026-04-17T13:46:06-07:00,2,48
Resume/index.html,9,html,77501156,j-r-dial,2026-04-02,17:22:24,-07:00,2026-04-02T17:22:24-07:00,1,0
Resume/index.html,10,html,6a37588c,j-r-dial,2026-04-03,16:49:37,-07:00,2026-04-03T16:49:37-07:00,0,5
Resume/index.html,11,html,47c828c8,j-r-dial,2026-04-10,17:16:58,-07:00,2026-04-10T17:16:58-07:00,0,19
Resume/index.html,12,html,4f9695eb,j-r-dial,2026-04-17,13:46:06,-07:00,2026-04-17T13:46:06-07:00,0,0
Resume/index.html,13,html,4f9695eb,j-r-dial,2026-04-17,13:46:06,-07:00,2026-04-17T13:46:06-07:00,2,7
Resume/index.html,14,html,4f9695eb,j-r-dial,2026-04-17,13:46:06,-07:00,2026-04-17T13:46:06-07:00,4,17
Resume/index.html,15,html,4f9695eb,j-r-dial,2026-04-17,13:46:06,-07:00,2026-04-17T13:46:06-07:00,4,81
Resume/index.html,16,html,4f9695eb,j-r-dial,2026-04-17,13:46:06,-07:00,2026-04-17T13:46:06-07:00,2,8
Resume/index.html,17,html,db587bef,j-r-dial,2026-04-03,16:55:34,-07:00,2026-04-03T16:55:34-07:00,2,0
Resume/index.html,18,html,77501156,j-r-dial,2026-04-02,17:22:24,-07:00,2026-04-02T17:22:24-07:00,2,7
Resume/index.html,19,html,77501156,j-r-dial,2026-04-02,17:22:24,-07:00,2026-04-02T17:22:24-07:00,4,6
Resume/index.html,20,html,77501156,j-r-dial,2026-04-02,17:22:24,-07:00,2026-04-02T17:22:24-07:00,6,16
Resume/index.html,21,html,77501156,j-r-dial,2026-04-02,17:22:24,-07:00,2026-04-02T17:22:24-07:00,4,7
Resume/index.html,22,html,77501156,j-r-dial,2026-04-02,17:22:24,-07:00,2026-04-02T17:22:24-07:00,4,7
Resume/index.html,23,html,77501156,j-r-dial,2026-04-02,17:22:24,-07:00,2026-04-02T17:22:24-07:00,6,80
Resume/index.html,24,html,77501156,j-r-dial,2026-04-02,17:22:24,-07:00,2026-04-02T17:22:24-07:00,6,39
Resume/index.html,25,html,77501156,j-r-dial,2026-04-02,17:22:24,-07:00,2026-04-02T17:22:24-07:00,6,14
Resume/index.html,26,html,77501156,j-r-dial,2026-04-02,17:22:24,-07:00,2026-04-02T17:22:24-07:00,6,60
Resume/index.html,27,html,77501156,j-r-dial,2026-04-02,17:22:24,-07:00,2026-04-02T17:22:24-07:00,6,77
Resume/index.html,28,html,77501156,j-r-dial,2026-04-02,17:22:24,-07:00,2026-04-02T17:22:24-07:00,4,8
Resume/index.html,29,html,77501156,j-r-dial,2026-04-02,17:22:24,-07:00,2026-04-02T17:22:24-07:00,4,7
Resume/index.html,30,html,77501156,j-r-dial,2026-04-02,17:22:24,-07:00,2026-04-02T17:22:24-07:00,6,40
Resume/index.html,31,html,77501156,j-r-dial,2026-04-02,17:22:24,-07:00,2026-04-02T17:22:24-07:00,6,39
Resume/index.html,32,html,77501156,j-r-dial,2026-04-02,17:22:24,-07:00,2026-04-02T17:22:24-07:00,6,14
Resume/index.html,33,html,77501156,j-r-dial,2026-04-02,17:22:24,-07:00,2026-04-02T17:22:24-07:00,6,39
Resume/index.html,34,html,77501156,j-r-dial,2026-04-02,17:22:24,-07:00,2026-04-02T17:22:24-07:00,4,8
Resume/index.html,35,html,77501156,j-r-dial,2026-04-02,17:22:24,-07:00,2026-04-02T17:22:24-07:00,2,8
Resume/index.html,36,html,77501156,j-r-dial,2026-04-02,17:22:24,-07:00,2026-04-02T17:22:24-07:00,0,0
Resume/index.html,37,html,77501156,j-r-dial,2026-04-02,17:22:24,-07:00,2026-04-02T17:22:24-07:00,2,7
Resume/index.html,38,html,77501156,j-r-dial,2026-04-02,17:22:24,-07:00,2026-04-02T17:22:24-07:00,4,6
Resume/index.html,39,html,77501156,j-r-dial,2026-04-02,17:22:24,-07:00,2026-04-02T17:22:24-07:00,6,39
Resume/index.html,40,html,77501156,j-r-dial,2026-04-02,17:22:24,-07:00,2026-04-02T17:22:24-07:00,4,7
Resume/index.html,41,html,77501156,j-r-dial,2026-04-02,17:22:24,-07:00,2026-04-02T17:22:24-07:00,4,7
Resume/index.html,42,html,77501156,j-r-dial,2026-04-02,17:22:24,-07:00,2026-04-02T17:22:24-07:00,6,36
Resume/index.html,43,html,77501156,j-r-dial,2026-04-02,17:22:24,-07:00,2026-04-02T17:22:24-07:00,6,253
Resume/index.html,44,html,77501156,j-r-dial,2026-04-02,17:22:24,-07:00,2026-04-02T17:22:24-07:00,4,8
Resume/index.html,45,html,ed4db605,j-r-dial,2026-04-10,15:22:03,-07:00,2026-04-10T15:22:03-07:00,0,0
Resume/index.html,46,html,ed4db605,j-r-dial,2026-04-10,15:22:03,-07:00,2026-04-10T15:22:03-07:00,4,7
Resume/index.html,47,html,ed4db605,j-r-dial,2026-04-10,15:22:03,-07:00,2026-04-10T15:22:03-07:00,6,45
Resume/index.html,48,html,ed4db605,j-r-dial,2026-04-10,15:22:03,-07:00,2026-04-10T15:22:03-07:00,6,1
Resume/index.html,49,html,ed4db605,j-r-dial,2026-04-10,15:22:03,-07:00,2026-04-10T15:22:03-07:00,8,132
Resume/index.html,50,html,ed4db605,j-r-dial,2026-04-10,15:22:03,-07:00,2026-04-10T15:22:03-07:00,6,2
Resume/index.html,51,html,ed4db605,j-r-dial,2026-04-10,15:22:03,-07:00,2026-04-10T15:22:03-07:00,4,8
Resume/index.html,52,html,ed4db605,j-r-dial,2026-04-10,15:22:03,-07:00,2026-04-10T15:22:03-07:00,2,0
Resume/index.html,53,html,ed4db605,j-r-dial,2026-04-10,15:22:03,-07:00,2026-04-10T15:22:03-07:00,4,7
Resume/index.html,54,html,ed4db605,j-r-dial,2026-04-10,15:22:03,-07:00,2026-04-10T15:22:03-07:00,6,35
Resume/index.html,55,html,ed4db605,j-r-dial,2026-04-10,15:22:03,-07:00,2026-04-10T15:22:03-07:00,6,1
Resume/index.html,56,html,ed4db605,j-r-dial,2026-04-10,15:22:03,-07:00,2026-04-10T15:22:03-07:00,8,145
Resume/index.html,57,html,ed4db605,j-r-dial,2026-04-10,15:22:03,-07:00,2026-04-10T15:22:03-07:00,6,2
Resume/index.html,58,html,ed4db605,j-r-dial,2026-04-10,15:22:03,-07:00,2026-04-10T15:22:03-07:00,4,8
Resume/index.html,59,html,ed4db605,j-r-dial,2026-04-10,15:22:03,-07:00,2026-04-10T15:22:03-07:00,2,0
Resume/index.html,60,html,ed4db605,j-r-dial,2026-04-10,15:22:03,-07:00,2026-04-10T15:22:03-07:00,4,7
Resume/index.html,61,html,ed4db605,j-r-dial,2026-04-10,15:22:03,-07:00,2026-04-10T15:22:03-07:00,6,38
Resume/index.html,62,html,ed4db605,j-r-dial,2026-04-10,15:22:03,-07:00,2026-04-10T15:22:03-07:00,6,1
Resume/index.html,63,html,ed4db605,j-r-dial,2026-04-10,15:22:03,-07:00,2026-04-10T15:22:03-07:00,8,126
Resume/index.html,64,html,ed4db605,j-r-dial,2026-04-10,15:22:03,-07:00,2026-04-10T15:22:03-07:00,6,2
Resume/index.html,65,html,ed4db605,j-r-dial,2026-04-10,15:22:03,-07:00,2026-04-10T15:22:03-07:00,4,8
Resume/index.html,66,html,ed4db605,j-r-dial,2026-04-10,15:22:03,-07:00,2026-04-10T15:22:03-07:00,0,0
Resume/index.html,67,html,77501156,j-r-dial,2026-04-02,17:22:24,-07:00,2026-04-02T17:22:24-07:00,2,8
Resume/index.html,68,html,77501156,j-r-dial,2026-04-02,17:22:24,-07:00,2026-04-02T17:22:24-07:00,0,0
Resume/index.html,69,html,77501156,j-r-dial,2026-04-02,17:22:24,-07:00,2026-04-02T17:22:24-07:00,2,7
Resume/index.html,70,html,77501156,j-r-dial,2026-04-02,17:22:24,-07:00,2026-04-02T17:22:24-07:00,4,6
Resume/index.html,71,html,77501156,j-r-dial,2026-04-02,17:22:24,-07:00,2026-04-02T17:22:24-07:00,6,13
Resume/index.html,72,html,77501156,j-r-dial,2026-04-02,17:22:24,-07:00,2026-04-02T17:22:24-07:00,4,7
Resume/index.html,73,html,77501156,j-r-dial,2026-04-02,17:22:24,-07:00,2026-04-02T17:22:24-07:00,4,2
Resume/index.html,74,html,77501156,j-r-dial,2026-04-02,17:22:24,-07:00,2026-04-02T17:22:24-07:00,6,32
Resume/index.html,75,html,77501156,j-r-dial,2026-04-02,17:22:24,-07:00,2026-04-02T17:22:24-07:00,6,62
Resume/index.html,76,html,77501156,j-r-dial,2026-04-02,17:22:24,-07:00,2026-04-02T17:22:24-07:00,6,62
Resume/index.html,77,html,77501156,j-r-dial,2026-04-02,17:22:24,-07:00,2026-04-02T17:22:24-07:00,6,89
Resume/index.html,78,html,77501156,j-r-dial,2026-04-02,17:22:24,-07:00,2026-04-02T17:22:24-07:00,4,3
Resume/index.html,79,html,77501156,j-r-dial,2026-04-02,17:22:24,-07:00,2026-04-02T17:22:24-07:00,2,8
Resume/index.html,80,html,77501156,j-r-dial,2026-04-02,17:22:24,-07:00,2026-04-02T17:22:24-07:00,0,0
Resume/index.html,81,html,77501156,j-r-dial,2026-04-02,17:22:24,-07:00,2026-04-02T17:22:24-07:00,2,7
Resume/index.html,82,html,77501156,j-r-dial,2026-04-02,17:22:24,-07:00,2026-04-02T17:22:24-07:00,4,6
Resume/index.html,83,html,77501156,j-r-dial,2026-04-02,17:22:24,-07:00,2026-04-02T17:22:24-07:00,6,22
Resume/index.html,84,html,77501156,j-r-dial,2026-04-02,17:22:24,-07:00,2026-04-02T17:22:24-07:00,4,7
Resume/index.html,85,html,77501156,j-r-dial,2026-04-02,17:22:24,-07:00,2026-04-02T17:22:24-07:00,4,7
Resume/index.html,86,html,77501156,j-r-dial,2026-04-02,17:22:24,-07:00,2026-04-02T17:22:24-07:00,6,54
Resume/index.html,87,html,77501156,j-r-dial,2026-04-02,17:22:24,-07:00,2026-04-02T17:22:24-07:00,6,153
Resume/index.html,88,html,77501156,j-r-dial,2026-04-02,17:22:24,-07:00,2026-04-02T17:22:24-07:00,6,0
Resume/index.html,89,html,77501156,j-r-dial,2026-04-02,17:22:24,-07:00,2026-04-02T17:22:24-07:00,2,8
Resume/index.html,90,html,ed4db605,j-r-dial,2026-04-10,15:22:03,-07:00,2026-04-10T15:22:03-07:00,0,0
Resume/index.html,91,html,ed4db605,j-r-dial,2026-04-10,15:22:03,-07:00,2026-04-10T15:22:03-07:00,2,7
Resume/index.html,92,html,ed4db605,j-r-dial,2026-04-10,15:22:03,-07:00,2026-04-10T15:22:03-07:00,4,6
Resume/index.html,93,html,ed4db605,j-r-dial,2026-04-10,15:22:03,-07:00,2026-04-10T15:22:03-07:00,6,33
Resume/index.html,94,html,ed4db605,j-r-dial,2026-04-10,15:22:03,-07:00,2026-04-10T15:22:03-07:00,4,7
Resume/index.html,95,html,ed4db605,j-r-dial,2026-04-10,15:22:03,-07:00,2026-04-10T15:22:03-07:00,2,0
Resume/index.html,96,html,ed4db605,j-r-dial,2026-04-10,15:22:03,-07:00,2026-04-10T15:22:03-07:00,4,7
Resume/index.html,97,html,ed4db605,j-r-dial,2026-04-10,15:22:03,-07:00,2026-04-10T15:22:03-07:00,6,43
Resume/index.html,98,html,ed4db605,j-r-dial,2026-04-10,15:22:03,-07:00,2026-04-10T15:22:03-07:00,6,1
Resume/index.html,99,html,ed4db605,j-r-dial,2026-04-10,15:22:03,-07:00,2026-04-10T15:22:03-07:00,8,40
Resume/index.html,100,html,ed4db605,j-r-dial,2026-04-10,15:22:03,-07:00,2026-04-10T15:22:03-07:00,6,2
Resume/index.html,101,html,ed4db605,j-r-dial,2026-04-10,15:22:03,-07:00,2026-04-10T15:22:03-07:00,4,8
Resume/index.html,102,html,ed4db605,j-r-dial,2026-04-10,15:22:03,-07:00,2026-04-10T15:22:03-07:00,0,0
Resume/index.html,103,html,ed4db605,j-r-dial,2026-04-10,15:22:03,-07:00,2026-04-10T15:22:03-07:00,2,8
Resume/index.html,104,html,77501156,j-r-dial,2026-04-02,17:22:24,-07:00,2026-04-02T17:22:24-07:00,2,0
Resume/index.html,105,html,77501156,j-r-dial,2026-04-02,17:22:24,-07:00,2026-04-02T17:22:24-07:00,0,5
Resume/index.html,106,html,77501156,j-r-dial,2026-04-02,17:22:24,-07:00,2026-04-02T17:22:24-07:00,0,5
